date,datetime,gas_gen_mwh,gas_gen_percentage
2022-12-01,2022-12-01T00:00:00.000+01:00,203913.776,0.26832043666152183
2022-12-02,2022-12-02T00:00:00.000+01:00,303774.421,0.38155456666125626
2022-12-03,2022-12-03T00:00:00.000+01:00,264419.576,0.35995248973452776
2022-12-04,2022-12-04T00:00:00.000+01:00,227130.085,0.3365641015179432
2022-12-05,2022-12-05T00:00:00.000+01:00,248700.62,0.3306514135958837
2022-12-06,2022-12-06T00:00:00.000+01:00,342056.602,0.46485752168400585
2022-12-07,2022-12-07T00:00:00.000+01:00,357781.385,0.47698165921298047
2022-12-08,2022-12-08T00:00:00.000+01:00,168746.184,0.24614629137043093
2022-12-09,2022-12-09T00:00:00.000+01:00,209698.06,0.2856386008062703
2022-12-10,2022-12-10T00:00:00.000+01:00,139133.076,0.18883045729040607
2022-12-11,2022-12-11T00:00:00.000+01:00,161792.777,0.24897210057048838
2022-12-12,2022-12-12T00:00:00.000+01:00,77152.806,0.09923853931837327
2022-12-13,2022-12-13T00:00:00.000+01:00,94386.803,0.12534911988032796
2022-12-14,2022-12-14T00:00:00.000+01:00,90277.605,0.1226962955510665
2022-12-15,2022-12-15T00:00:00.000+01:00,162078.921,0.21183707584636507
2022-12-16,2022-12-16T00:00:00.000+01:00,151741.724,0.2083693637458701
2022-12-17,2022-12-17T00:00:00.000+01:00,170683.614,0.25493270676299234
2022-12-18,2022-12-18T00:00:00.000+01:00,67123.572,0.10401496755236547
2022-12-19,2022-12-19T00:00:00.000+01:00,70671.958,0.09649475612909565
2022-12-20,2022-12-20T00:00:00.000+01:00,73167.816,0.09766762457123178
2022-12-21,2022-12-21T00:00:00.000+01:00,65577.372,0.08379677353290173
2022-12-22,2022-12-22T00:00:00.000+01:00,60898.86,0.0790276881387535
2022-12-23,2022-12-23T00:00:00.000+01:00,62483.705,0.08805033604613653
2022-12-24,2022-12-24T00:00:00.000+01:00,72359.098,0.12047220926386162
2022-12-25,2022-12-25T00:00:00.000+01:00,69537.651,0.12182518711296364
2022-12-26,2022-12-26T00:00:00.000+01:00,112007.85,0.19792924117695845
2022-12-27,2022-12-27T00:00:00.000+01:00,100592.108,0.16241532984649662
2022-12-28,2022-12-28T00:00:00.000+01:00,68629.065,0.1053827663010915
2022-12-29,2022-12-29T00:00:00.000+01:00,62301.196,0.09555815552256311
2022-12-30,2022-12-30T00:00:00.000+01:00,48001.924,0.06930542812069526
2022-12-31,2022-12-31T00:00:00.000+01:00,61768.065,0.1094837372898728
2023-01-01,2023-01-01T00:00:00.000+01:00,65377.808,0.11928592373250398
2023-01-02,2023-01-02T00:00:00.000+01:00,146788.872,0.2249736001130091
2023-01-03,2023-01-03T00:00:00.000+01:00,152379.45,0.2183163443500798
2023-01-04,2023-01-04T00:00:00.000+01:00,120461.966,0.18399677859677355
2023-01-05,2023-01-05T00:00:00.000+01:00,150802.315,0.22789192869941044
2023-01-06,2023-01-06T00:00:00.000+01:00,93312.458,0.15015347433886306
2023-01-07,2023-01-07T00:00:00.000+01:00,65633.512,0.09603512355733915
2023-01-08,2023-01-08T00:00:00.000+01:00,59181.356,0.08264276479668076
2023-01-09,2023-01-09T00:00:00.000+01:00,81198.673,0.10573038314544835
2023-01-10,2023-01-10T00:00:00.000+01:00,87337.941,0.11431641515040093
2023-01-11,2023-01-11T00:00:00.000+01:00,94012.128,0.1260601108960061
2023-01-12,2023-01-12T00:00:00.000+01:00,93902.531,0.12745982224150465
2023-01-13,2023-01-13T00:00:00.000+01:00,98190.981,0.1333491328997132
2023-01-14,2023-01-14T00:00:00.000+01:00,66161.851,0.09565182026364596
2023-01-15,2023-01-15T00:00:00.000+01:00,49544.793,0.07077615293524162
2023-01-16,2023-01-16T00:00:00.000+01:00,51012.084,0.06369555105064148
2023-01-17,2023-01-17T00:00:00.000+01:00,45403.104,0.05788223963532705
2023-01-18,2023-01-18T00:00:00.000+01:00,61174.787,0.07631404653706016
2023-01-19,2023-01-19T00:00:00.000+01:00,55935.642,0.06683469394152672
2023-01-20,2023-01-20T00:00:00.000+01:00,98606.029,0.1221525295044182
2023-01-21,2023-01-21T00:00:00.000+01:00,59100.163,0.07923135878655924
2023-01-22,2023-01-22T00:00:00.000+01:00,59004.686,0.07636820452802326
2023-01-23,2023-01-23T00:00:00.000+01:00,81896.338,0.09586483065968257
2023-01-24,2023-01-24T00:00:00.000+01:00,118363.671,0.1415920896192327
2023-01-25,2023-01-25T00:00:00.000+01:00,106009.843,0.127023553750883
2023-01-26,2023-01-26T00:00:00.000+01:00,86341.828,0.09865415996977465
2023-01-27,2023-01-27T00:00:00.000+01:00,78349.461,0.08788406134623823
2023-01-28,2023-01-28T00:00:00.000+01:00,67429.273,0.08300031666753202
2023-01-29,2023-01-29T00:00:00.000+01:00,86758.409,0.114697687673762
2023-01-30,2023-01-30T00:00:00.000+01:00,147227.069,0.18056672623790668
2023-01-31,2023-01-31T00:00:00.000+01:00,133523.136,0.15546979084490084
2023-02-01,2023-02-01T00:00:00.000+01:00,112497.643,0.1343438584374321
2023-02-02,2023-02-02T00:00:00.000+01:00,159284.25,0.20009644949291158
2023-02-03,2023-02-03T00:00:00.000+01:00,177829.007,0.22953950600579087
2023-02-04,2023-02-04T00:00:00.000+01:00,90764.01,0.12004871233485621
2023-02-05,2023-02-05T00:00:00.000+01:00,79048.812,0.10004207120234224
2023-02-06,2023-02-06T00:00:00.000+01:00,94477.516,0.11441626852127072
2023-02-07,2023-02-07T00:00:00.000+01:00,167711.936,0.20525054800351952
2023-02-08,2023-02-08T00:00:00.000+01:00,178580.111,0.22109899142807374
2023-02-09,2023-02-09T00:00:00.000+01:00,196545.188,0.239880989948727
2023-02-10,2023-02-10T00:00:00.000+01:00,188859.587,0.23597924518141125
2023-02-11,2023-02-11T00:00:00.000+01:00,132334.533,0.1820598099327398
2023-02-12,2023-02-12T00:00:00.000+01:00,131390.377,0.19092400343797652
2023-02-13,2023-02-13T00:00:00.000+01:00,183685.917,0.23113789954346173
2023-02-14,2023-02-14T00:00:00.000+01:00,179013.889,0.2190368476407404
2023-02-15,2023-02-15T00:00:00.000+01:00,224783.176,0.2843102081875784
2023-02-16,2023-02-16T00:00:00.000+01:00,222436.041,0.2933709731139868
2023-02-17,2023-02-17T00:00:00.000+01:00,165704.884,0.22365608134443712
2023-02-18,2023-02-18T00:00:00.000+01:00,115931.207,0.1832162266219999
2023-02-19,2023-02-19T00:00:00.000+01:00,125629.43,0.19454170274665364
2023-02-20,2023-02-20T00:00:00.000+01:00,170408.126,0.23396961989496215
2023-02-21,2023-02-21T00:00:00.000+01:00,223700.254,0.3027101477495565
2023-02-22,2023-02-22T00:00:00.000+01:00,228283.341,0.3060141739058085
2023-02-23,2023-02-23T00:00:00.000+01:00,186650.767,0.24735491187579822
2023-02-24,2023-02-24T00:00:00.000+01:00,223712.07,0.29627198769641006
2023-02-25,2023-02-25T00:00:00.000+01:00,163909.619,0.240046497045726
2023-02-26,2023-02-26T00:00:00.000+01:00,84093.729,0.10467879419977182
2023-02-27,2023-02-27T00:00:00.000+01:00,94001.066,0.10298049867375056
2023-02-28,2023-02-28T00:00:00.000+01:00,114259.136,0.12989776085569318
2023-03-01,2023-03-01T00:00:00.000+01:00,207259.332,0.2408742683286866
2023-03-02,2023-03-02T00:00:00.000+01:00,201914.918,0.22628346691977225
2023-03-03,2023-03-03T00:00:00.000+01:00,200866.361,0.23236477916176265
2023-03-04,2023-03-04T00:00:00.000+01:00,167645.381,0.22565214604071404
2023-03-05,2023-03-05T00:00:00.000+01:00,216946.066,0.30696952222841495
2023-03-06,2023-03-06T00:00:00.000+01:00,240595.41,0.29467982067197873
2023-03-07,2023-03-07T00:00:00.000+01:00,79364.897,0.09707753264966662
2023-03-08,2023-03-08T00:00:00.000+01:00,57074.531,0.06789295140042595
2023-03-09,2023-03-09T00:00:00.000+01:00,36838.025,0.04447815126220065
2023-03-10,2023-03-10T00:00:00.000+01:00,37858.195,0.0450145698040078
2023-03-11,2023-03-11T00:00:00.000+01:00,41274.107,0.053773451358678684
2023-03-12,2023-03-12T00:00:00.000+01:00,64672.774,0.09419134894709767
2023-03-13,2023-03-13T00:00:00.000+01:00,48409.532,0.0643367998352154
2023-03-14,2023-03-14T00:00:00.000+01:00,82145.93,0.10336964412979578
2023-03-15,2023-03-15T00:00:00.000+01:00,145706.407,0.1944955528264757
2023-03-16,2023-03-16T00:00:00.000+01:00,72589.504,0.0941168971875432
2023-03-17,2023-03-17T00:00:00.000+01:00,63936.058,0.0823888171549691
2023-03-18,2023-03-18T00:00:00.000+01:00,65318.437,0.09522231853580852
2023-03-19,2023-03-19T00:00:00.000+01:00,113454.781,0.16825981605754836
2023-03-20,2023-03-20T00:00:00.000+01:00,144960.652,0.19983316624882683
2023-03-21,2023-03-21T00:00:00.000+01:00,143570.635,0.20336765776186902
2023-03-22,2023-03-22T00:00:00.000+01:00,94969.825,0.13327771024087753
2023-03-23,2023-03-23T00:00:00.000+01:00,66037.243,0.08938103165614446
2023-03-24,2023-03-24T00:00:00.000+01:00,65923.004,0.08882198727874066
2023-03-25,2023-03-25T00:00:00.000+01:00,57463.052,0.08767882746169374
2023-03-26,2023-03-26T00:00:00.000+01:00,49699.526,0.07303426264058764
2023-03-27,2023-03-27T00:00:00.000+02:00,106035.276,0.14092249746507285
2023-03-28,2023-03-28T00:00:00.000+02:00,119725.773,0.16210412714971095
2023-03-29,2023-03-29T00:00:00.000+02:00,62845.26,0.08477915447415175
2023-03-30,2023-03-30T00:00:00.000+02:00,53798.835,0.07167850557194735
2023-03-31,2023-03-31T00:00:00.000+02:00,52593.173,0.06652713971195412
2023-04-01,2023-04-01T00:00:00.000+02:00,55135.924,0.07888835227139769
2023-04-02,2023-04-02T00:00:00.000+02:00,58636.534,0.0866493840973359
2023-04-03,2023-04-03T00:00:00.000+02:00,84693.683,0.11748469288809406
2023-04-04,2023-04-04T00:00:00.000+02:00,58619.389,0.07784396946435822
2023-04-05,2023-04-05T00:00:00.000+02:00,76436.499,0.10629474700674801
2023-04-06,2023-04-06T00:00:00.000+02:00,82885.411,0.1207033480057839
2023-04-07,2023-04-07T00:00:00.000+02:00,110445.701,0.1712785024026975
2023-04-08,2023-04-08T00:00:00.000+02:00,111014.645,0.17024513740362365
2023-04-09,2023-04-09T00:00:00.000+02:00,108069.03,0.17775373150982743
2023-04-10,2023-04-10T00:00:00.000+02:00,85058.357,0.13616881591372967
2023-04-11,2023-04-11T00:00:00.000+02:00,82798.103,0.1175476406871428
2023-04-12,2023-04-12T00:00:00.000+02:00,60241.978,0.07685174429705617
2023-04-13,2023-04-13T00:00:00.000+02:00,59041.792,0.07751480957609636
2023-04-14,2023-04-14T00:00:00.000+02:00,43222.102,0.05591740687043972
2023-04-15,2023-04-15T00:00:00.000+02:00,54156.95,0.07248532150473301
2023-04-16,2023-04-16T00:00:00.000+02:00,69996.303,0.10425277730662963
2023-04-17,2023-04-17T00:00:00.000+02:00,69986.125,0.09568473760477025
2023-04-18,2023-04-18T00:00:00.000+02:00,84289.077,0.11363805923591272
2023-04-19,2023-04-19T00:00:00.000+02:00,117859.64,0.16821991456317664
2023-04-20,2023-04-20T00:00:00.000+02:00,150635.125,0.21705272548184548
2023-04-21,2023-04-21T00:00:00.000+02:00,131270.987,0.18356666104513436
2023-04-22,2023-04-22T00:00:00.000+02:00,85776.499,0.13262929229711407
2023-04-23,2023-04-23T00:00:00.000+02:00,76824.717,0.11566813838033291
2023-04-24,2023-04-24T00:00:00.000+02:00,109409.84,0.15849642868098776
2023-04-25,2023-04-25T00:00:00.000+02:00,127015.136,0.1762497199437757
2023-04-26,2023-04-26T00:00:00.000+02:00,183906.903,0.2554966495261709
2023-04-27,2023-04-27T00:00:00.000+02:00,207995.006,0.2892824035966088
2023-04-28,2023-04-28T00:00:00.000+02:00,167578.496,0.23464258710473282
2023-04-29,2023-04-29T00:00:00.000+02:00,112674.414,0.16996262066971385
2023-04-30,2023-04-30T00:00:00.000+02:00,100501.975,0.15518528292339928
2023-05-01,2023-05-01T00:00:00.000+02:00,98999.774,0.1580116190007356
2023-05-02,2023-05-02T00:00:00.000+02:00,143529.572,0.2155542866153895
2023-05-03,2023-05-03T00:00:00.000+02:00,106265.079,0.14822002058921221
2023-05-04,2023-05-04T00:00:00.000+02:00,90365.971,0.13024375783032366
2023-05-05,2023-05-05T00:00:00.000+02:00,133533.808,0.19389124213181816
2023-05-06,2023-05-06T00:00:00.000+02:00,101222.003,0.15728039021123505
2023-05-07,2023-05-07T00:00:00.000+02:00,90798.645,0.141720757536973
2023-05-08,2023-05-08T00:00:00.000+02:00,117540.513,0.17459186596356052
2023-05-09,2023-05-09T00:00:00.000+02:00,109060.157,0.1527738919941997
2023-05-10,2023-05-10T00:00:00.000+02:00,103327.815,0.13770692737519052
2023-05-11,2023-05-11T00:00:00.000+02:00,92331.463,0.12409386287404058
2023-05-12,2023-05-12T00:00:00.000+02:00,97261.52,0.13258932264429082
2023-05-13,2023-05-13T00:00:00.000+02:00,84593.994,0.12054432757261725
2023-05-14,2023-05-14T00:00:00.000+02:00,84572.396,0.12851931792735152
2023-05-15,2023-05-15T00:00:00.000+02:00,86871.491,0.11540638853826218
2023-05-16,2023-05-16T00:00:00.000+02:00,80425.708,0.10285849812365562
2023-05-17,2023-05-17T00:00:00.000+02:00,67767.625,0.08928603625767524
2023-05-18,2023-05-18T00:00:00.000+02:00,74177.473,0.09807487105878378
2023-05-19,2023-05-19T00:00:00.000+02:00,72349.665,0.09653821524042103
2023-05-20,2023-05-20T00:00:00.000+02:00,74087.659,0.11527491284912438
2023-05-21,2023-05-21T00:00:00.000+02:00,86576.598,0.1414471599205614
2023-05-22,2023-05-22T00:00:00.000+02:00,119994.482,0.18239393003513443
2023-05-23,2023-05-23T00:00:00.000+02:00,127307.042,0.18614825478059524
2023-05-24,2023-05-24T00:00:00.000+02:00,137877.347,0.20172199280894662
2023-05-25,2023-05-25T00:00:00.000+02:00,96688.243,0.13557291795702409
2023-05-26,2023-05-26T00:00:00.000+02:00,88908.605,0.1327490881285334
2023-05-27,2023-05-27T00:00:00.000+02:00,142956.03,0.24716504659161118
2023-05-28,2023-05-28T00:00:00.000+02:00,141134.836,0.25917306564671777
2023-05-29,2023-05-29T00:00:00.000+02:00,155078.024,0.2492867083060506
2023-05-30,2023-05-30T00:00:00.000+02:00,187914.787,0.29090167931925415
2023-05-31,2023-05-31T00:00:00.000+02:00,184838.596,0.28038536479094134
2023-06-01,2023-06-01T00:00:00.000+02:00,179038.816,0.2737953651805541
2023-06-02,2023-06-02T00:00:00.000+02:00,154531.707,0.24614617759947724
2023-06-03,2023-06-03T00:00:00.000+02:00,143541.184,0.24262458612261695
2023-06-04,2023-06-04T00:00:00.000+02:00,129945.945,0.23214072084692425
2023-06-05,2023-06-05T00:00:00.000+02:00,177700.652,0.2692141040869806
2023-06-06,2023-06-06T00:00:00.000+02:00,156944.25,0.22573172248649756
2023-06-07,2023-06-07T00:00:00.000+02:00,162057.445,0.24587694980680813
2023-06-08,2023-06-08T00:00:00.000+02:00,166019.168,0.25707275822175557
2023-06-09,2023-06-09T00:00:00.000+02:00,114485.274,0.1629725155670658
2023-06-10,2023-06-10T00:00:00.000+02:00,116293.913,0.19409091734471867
2023-06-11,2023-06-11T00:00:00.000+02:00,130031.575,0.21832076508165812
2023-06-12,2023-06-12T00:00:00.000+02:00,204450.199,0.2948239568283434
2023-06-13,2023-06-13T00:00:00.000+02:00,151600.142,0.21357228841744622
2023-06-14,2023-06-14T00:00:00.000+02:00,130891.825,0.17399725000974625
2023-06-15,2023-06-15T00:00:00.000+02:00,159951.196,0.2159910762310045
2023-06-16,2023-06-16T00:00:00.000+02:00,183136.667,0.24954104167431
2023-06-17,2023-06-17T00:00:00.000+02:00,120185.094,0.1781765489251769
2023-06-18,2023-06-18T00:00:00.000+02:00,121357.892,0.18044868583805876
2023-06-19,2023-06-19T00:00:00.000+02:00,183569.409,0.2485064597937205
2023-06-20,2023-06-20T00:00:00.000+02:00,230012.978,0.3051239690457737
2023-06-21,2023-06-21T00:00:00.000+02:00,234391.342,0.31770399560658785
2023-06-22,2023-06-22T00:00:00.000+02:00,215645.377,0.2829399911457631
2023-06-23,2023-06-23T00:00:00.000+02:00,176395.478,0.2348693198874
2023-06-24,2023-06-24T00:00:00.000+02:00,109445.58,0.15894378456728528
2023-06-25,2023-06-25T00:00:00.000+02:00,128004.605,0.19036376071239658
2023-06-26,2023-06-26T00:00:00.000+02:00,133904.04,0.16420784930968618
2023-06-27,2023-06-27T00:00:00.000+02:00,151015.849,0.18200044791514877
2023-06-28,2023-06-28T00:00:00.000+02:00,194224.716,0.23920316819674461
2023-06-29,2023-06-29T00:00:00.000+02:00,154499.816,0.18603858696552986
2023-06-30,2023-06-30T00:00:00.000+02:00,110069.905,0.1385600825555456
2023-07-01,2023-07-01T00:00:00.000+02:00,92976.415,0.1362697187801193
2023-07-02,2023-07-02T00:00:00.000+02:00,80026.673,0.11869106354561183
2023-07-03,2023-07-03T00:00:00.000+02:00,141167.549,0.19256446752421486
2023-07-04,2023-07-04T00:00:00.000+02:00,174352.279,0.22960152764205932
2023-07-05,2023-07-05T00:00:00.000+02:00,182938.808,0.24943630559075863
2023-07-06,2023-07-06T00:00:00.000+02:00,196341.057,0.2561729370270175
2023-07-07,2023-07-07T00:00:00.000+02:00,153207.658,0.19472082386705816
2023-07-08,2023-07-08T00:00:00.000+02:00,144947.853,0.20218575961182395
2023-07-09,2023-07-09T00:00:00.000+02:00,153005.085,0.22691356187179193
2023-07-10,2023-07-10T00:00:00.000+02:00,248702.491,0.3072705326213601
2023-07-11,2023-07-11T00:00:00.000+02:00,211553.321,0.25270374276582386
2023-07-12,2023-07-12T00:00:00.000+02:00,206920.619,0.2504148227365886
2023-07-13,2023-07-13T00:00:00.000+02:00,232514.953,0.2819403672678933
2023-07-14,2023-07-14T00:00:00.000+02:00,168039.12,0.1999197199862435
2023-07-15,2023-07-15T00:00:00.000+02:00,91015.632,0.12599259716023695
2023-07-16,2023-07-16T00:00:00.000+02:00,93721.972,0.1431224426163389
2023-07-17,2023-07-17T00:00:00.000+02:00,198195.917,0.24655343018872267
2023-07-18,2023-07-18T00:00:00.000+02:00,260576.006,0.30571484183400544
2023-07-19,2023-07-19T00:00:00.000+02:00,252793.314,0.2933765882751311
2023-07-20,2023-07-20T00:00:00.000+02:00,204494.338,0.24479804270872565
2023-07-21,2023-07-21T00:00:00.000+02:00,148053.93,0.18678176770848623
2023-07-22,2023-07-22T00:00:00.000+02:00,116125.685,0.17044432244152177
2023-07-23,2023-07-23T00:00:00.000+02:00,105026.59,0.15854189817546874
2023-07-24,2023-07-24T00:00:00.000+02:00,131195.422,0.16615196366122664
2023-07-25,2023-07-25T00:00:00.000+02:00,129182.712,0.16696314410172056
2023-07-26,2023-07-26T00:00:00.000+02:00,163352.122,0.21869300082297116
2023-07-27,2023-07-27T00:00:00.000+02:00,172815.782,0.22745952361187186
2023-07-28,2023-07-28T00:00:00.000+02:00,178542.405,0.23008446515811345
2023-07-29,2023-07-29T00:00:00.000+02:00,116503.955,0.16809999027145317
2023-07-30,2023-07-30T00:00:00.000+02:00,102777.705,0.15421916134749733
2023-07-31,2023-07-31T00:00:00.000+02:00,153493.612,0.20887374707566791
2023-08-01,2023-08-01T00:00:00.000+02:00,142839.385,0.18210048224211856
2023-08-02,2023-08-02T00:00:00.000+02:00,110218.99,0.14109642497196825
2023-08-03,2023-08-03T00:00:00.000+02:00,103020.664,0.12990548173628652
2023-08-04,2023-08-04T00:00:00.000+02:00,106591.51,0.13537513397808085
2023-08-05,2023-08-05T00:00:00.000+02:00,97039.656,0.13610749041321377
2023-08-06,2023-08-06T00:00:00.000+02:00,79229.901,0.1128200263016376
2023-08-07,2023-08-07T00:00:00.000+02:00,91426.558,0.12736962446252661
2023-08-08,2023-08-08T00:00:00.000+02:00,158214.66,0.22028885901143413
2023-08-09,2023-08-09T00:00:00.000+02:00,252913.905,0.3327070400779032
2023-08-10,2023-08-10T00:00:00.000+02:00,187262.289,0.23886873380099516
2023-08-11,2023-08-11T00:00:00.000+02:00,180703.167,0.24493780843900193
2023-08-12,2023-08-12T00:00:00.000+02:00,129513.192,0.1890946515333177
2023-08-13,2023-08-13T00:00:00.000+02:00,106397.296,0.15845739025507316
2023-08-14,2023-08-14T00:00:00.000+02:00,142558.978,0.19968466601282264
2023-08-15,2023-08-15T00:00:00.000+02:00,133553.893,0.19567531193259205
2023-08-16,2023-08-16T00:00:00.000+02:00,167444.743,0.22805163115376345
2023-08-17,2023-08-17T00:00:00.000+02:00,192761.765,0.26124165462969545
2023-08-18,2023-08-18T00:00:00.000+02:00,167239.497,0.2198820902804841
2023-08-19,2023-08-19T00:00:00.000+02:00,170960.69,0.24745034287923454
2023-08-20,2023-08-20T00:00:00.000+02:00,195846.826,0.2781855019994135
2023-08-21,2023-08-21T00:00:00.000+02:00,244044.584,0.29778919567389783
2023-08-22,2023-08-22T00:00:00.000+02:00,247802.765,0.29569680204923277
2023-08-23,2023-08-23T00:00:00.000+02:00,289880.205,0.3329617483768152
2023-08-24,2023-08-24T00:00:00.000+02:00,287463.747,0.3333268221080585
2023-08-25,2023-08-25T00:00:00.000+02:00,292637.573,0.34124394248497414
2023-08-26,2023-08-26T00:00:00.000+02:00,171873.95,0.2386305135321704
2023-08-27,2023-08-27T00:00:00.000+02:00,83864.628,0.11552000340110911
2023-08-28,2023-08-28T00:00:00.000+02:00,101446.74,0.13178621897504456
2023-08-29,2023-08-29T00:00:00.000+02:00,118838.797,0.16083712249638546
2023-08-30,2023-08-30T00:00:00.000+02:00,130292.943,0.18304027085380933
2023-08-31,2023-08-31T00:00:00.000+02:00,175066.704,0.24600176408801672
2023-09-01,2023-09-01T00:00:00.000+02:00,160233.421,0.2166285464851364
2023-09-02,2023-09-02T00:00:00.000+02:00,123789.594,0.19626779214831758
2023-09-03,2023-09-03T00:00:00.000+02:00,91859.822,0.1370568565461746
2023-09-04,2023-09-04T00:00:00.000+02:00,117421.704,0.161817273947274
2023-09-05,2023-09-05T00:00:00.000+02:00,176497.496,0.24824430870996955
2023-09-06,2023-09-06T00:00:00.000+02:00,213260.432,0.2911528337886409
2023-09-07,2023-09-07T00:00:00.000+02:00,200147.18,0.28257916921341525
2023-09-08,2023-09-08T00:00:00.000+02:00,195757.362,0.2699186892772576
2023-09-09,2023-09-09T00:00:00.000+02:00,139861.068,0.21599874586396298
2023-09-10,2023-09-10T00:00:00.000+02:00,154929.558,0.2422919081434398
2023-09-11,2023-09-11T00:00:00.000+02:00,209038.308,0.3022278611300952
2023-09-12,2023-09-12T00:00:00.000+02:00,240395.32,0.3272339940122092
2023-09-13,2023-09-13T00:00:00.000+02:00,204194.956,0.26920160436096074
2023-09-14,2023-09-14T00:00:00.000+02:00,201715.439,0.2766999063899978
2023-09-15,2023-09-15T00:00:00.000+02:00,209409.007,0.3000725122552819
2023-09-16,2023-09-16T00:00:00.000+02:00,125978.961,0.20885532529494316
2023-09-17,2023-09-17T00:00:00.000+02:00,94605.8,0.1467771203627805
2023-09-18,2023-09-18T00:00:00.000+02:00,135948.127,0.20781102946974495
2023-09-19,2023-09-19T00:00:00.000+02:00,212210.96,0.30333834278881017
2023-09-20,2023-09-20T00:00:00.000+02:00,128909.487,0.18213688660910035
2023-09-21,2023-09-21T00:00:00.000+02:00,107728.006,0.14943706060314454
2023-09-22,2023-09-22T00:00:00.000+02:00,116034.083,0.16400425152244702
2023-09-23,2023-09-23T00:00:00.000+02:00,142701.794,0.2335478557164854
2023-09-24,2023-09-24T00:00:00.000+02:00,119062.45,0.20140648323567772
2023-09-25,2023-09-25T00:00:00.000+02:00,183261.402,0.27330958950453027
2023-09-26,2023-09-26T00:00:00.000+02:00,186016.795,0.27315642546958213
2023-09-27,2023-09-27T00:00:00.000+02:00,173463.451,0.24140430118239467
2023-09-28,2023-09-28T00:00:00.000+02:00,194060.305,0.2703693700668849
2023-09-29,2023-09-29T00:00:00.000+02:00,210087.914,0.3035935557961081
2023-09-30,2023-09-30T00:00:00.000+02:00,156606.784,0.24855421553868468
2023-10-01,2023-10-01T00:00:00.000+02:00,145336.047,0.23900606340702377
2023-10-02,2023-10-02T00:00:00.000+02:00,180653.633,0.25520474921669967
2023-10-03,2023-10-03T00:00:00.000+02:00,173423.627,0.24560057694733642
2023-10-04,2023-10-04T00:00:00.000+02:00,186584.553,0.2619003146916996
2023-10-05,2023-10-05T00:00:00.000+02:00,224208.286,0.3169987304062083
2023-10-06,2023-10-06T00:00:00.000+02:00,208951.279,0.3037008141319445
2023-10-07,2023-10-07T00:00:00.000+02:00,142660.939,0.235780903982366
2023-10-08,2023-10-08T00:00:00.000+02:00,130088.225,0.2236844786977743
2023-10-09,2023-10-09T00:00:00.000+02:00,221674.558,0.3388247932728642
2023-10-10,2023-10-10T00:00:00.000+02:00,261908.103,0.38379202463904316
2023-10-11,2023-10-11T00:00:00.000+02:00,208884.612,0.3237356942645862
2023-10-12,2023-10-12T00:00:00.000+02:00,152089.838,0.24188729059395436
2023-10-13,2023-10-13T00:00:00.000+02:00,95976.552,0.1572624100110417
2023-10-14,2023-10-14T00:00:00.000+02:00,117543.071,0.21664666055040127
2023-10-15,2023-10-15T00:00:00.000+02:00,130408.154,0.24428906882750964
2023-10-16,2023-10-16T00:00:00.000+02:00,163988.688,0.26119139127438384
2023-10-17,2023-10-17T00:00:00.000+02:00,97369.602,0.13464920722801393
2023-10-18,2023-10-18T00:00:00.000+02:00,82950.477,0.1085902114487202
2023-10-19,2023-10-19T00:00:00.000+02:00,86386.664,0.11639634474846954
2023-10-20,2023-10-20T00:00:00.000+02:00,65935.315,0.08502241609449794
2023-10-21,2023-10-21T00:00:00.000+02:00,89633.69,0.1473360739761347
2023-10-22,2023-10-22T00:00:00.000+02:00,94445.652,0.1747225360255375
2023-10-23,2023-10-23T00:00:00.000+02:00,184596.172,0.28842405893211326
2023-10-24,2023-10-24T00:00:00.000+02:00,103389.97,0.14265470825157528
2023-10-25,2023-10-25T00:00:00.000+02:00,76069.041,0.10162576120986022
2023-10-26,2023-10-26T00:00:00.000+02:00,78783.658,0.10521382731238478
2023-10-27,2023-10-27T00:00:00.000+02:00,71670.715,0.0971302413148108
2023-10-28,2023-10-28T00:00:00.000+02:00,67562.657,0.10484467052000473
2023-10-29,2023-10-29T00:00:00.000+02:00,82220.545,0.13477592724469278
2023-10-30,2023-10-30T00:00:00.000+01:00,86276.945,0.1198507860998721
2023-10-31,2023-10-31T00:00:00.000+01:00,131009.954,0.1978039693247834
2023-11-01,2023-11-01T00:00:00.000+01:00,62036.718,0.09593778322735141
2023-11-02,2023-11-02T00:00:00.000+01:00,66578.11,0.09360811081038155
2023-11-03,2023-11-03T00:00:00.000+01:00,62666.035,0.08669876893420068
2023-11-04,2023-11-04T00:00:00.000+01:00,55952.634,0.08964315494598901
2023-11-05,2023-11-05T00:00:00.000+01:00,59698.094,0.09357308924449974
2023-11-06,2023-11-06T00:00:00.000+01:00,97958.924,0.14148202203035043
2023-11-07,2023-11-07T00:00:00.000+01:00,112085.885,0.16059343212564195
2023-11-08,2023-11-08T00:00:00.000+01:00,102345.567,0.14908437312157932
2023-11-09,2023-11-09T00:00:00.000+01:00,87792.286,0.11853198906805189
2023-11-10,2023-11-10T00:00:00.000+01:00,81419.494,0.10424327579864683
2023-11-11,2023-11-11T00:00:00.000+01:00,49121.57,0.06801932602136393
2023-11-12,2023-11-12T00:00:00.000+01:00,62154.27,0.09313938235883563
2023-11-13,2023-11-13T00:00:00.000+01:00,90979.884,0.12749377164875347
2023-11-14,2023-11-14T00:00:00.000+01:00,100502.172,0.13987407330001267
2023-11-15,2023-11-15T00:00:00.000+01:00,145354.522,0.21380945999334128
2023-11-16,2023-11-16T00:00:00.000+01:00,136003.736,0.19104505645648456
2023-11-17,2023-11-17T00:00:00.000+01:00,133277.591,0.1904512183431662
2023-11-18,2023-11-18T00:00:00.000+01:00,73263.302,0.117466559201955
2023-11-19,2023-11-19T00:00:00.000+01:00,93887.898,0.1726205731275113
2023-11-20,2023-11-20T00:00:00.000+01:00,114084.298,0.16595339072043733
2023-11-21,2023-11-21T00:00:00.000+01:00,82955.975,0.1053009188550083
2023-11-22,2023-11-22T00:00:00.000+01:00,84051.732,0.10395930636945225
2023-11-23,2023-11-23T00:00:00.000+01:00,98909.242,0.12442264309444791
2023-11-24,2023-11-24T00:00:00.000+01:00,102038.451,0.13135713513123326
2023-11-25,2023-11-25T00:00:00.000+01:00,101677.427,0.14915371250102405
2023-11-26,2023-11-26T00:00:00.000+01:00,145981.876,0.2315680098232305
2023-11-27,2023-11-27T00:00:00.000+01:00,139942.496,0.18071325316486817
2023-11-28,2023-11-28T00:00:00.000+01:00,160097.316,0.20479917338444265
2023-11-29,2023-11-29T00:00:00.000+01:00,109785.113,0.14195236676445513
2023-11-30,2023-11-30T00:00:00.000+01:00,121784.953,0.15198659959523786
2023-12-01,2023-12-01T00:00:00.000+01:00,107807.343,0.1353430510406929
2023-12-02,2023-12-02T00:00:00.000+01:00,98296.145,0.13418188965530853
2023-12-03,2023-12-03T00:00:00.000+01:00,94046.204,0.13538456868106127
2023-12-04,2023-12-04T00:00:00.000+01:00,119365.966,0.14758452946330383
2023-12-05,2023-12-05T00:00:00.000+01:00,178860.565,0.24022094557222334
2023-12-06,2023-12-06T00:00:00.000+01:00,176385.554,0.24812595891691874
2023-12-07,2023-12-07T00:00:00.000+01:00,111659.144,0.1521256102537164
2023-12-08,2023-12-08T00:00:00.000+01:00,65975.081,0.08737816355133335
2023-12-09,2023-12-09T00:00:00.000+01:00,64312.063,0.0881073088320864
2023-12-10,2023-12-10T00:00:00.000+01:00,73778.458,0.10921689428223917
2023-12-11,2023-12-11T00:00:00.000+01:00,96533.326,0.1273759483411672
2023-12-12,2023-12-12T00:00:00.000+01:00,87193.849,0.10631818976201445
2023-12-13,2023-12-13T00:00:00.000+01:00,82465.797,0.09683796435759483
2023-12-14,2023-12-14T00:00:00.000+01:00,96328.18,0.11416305779713014
2023-12-15,2023-12-15T00:00:00.000+01:00,96445.923,0.11892171494122813
2023-12-16,2023-12-16T00:00:00.000+01:00,94444.725,0.1372183059757804
2023-12-17,2023-12-17T00:00:00.000+01:00,106954.943,0.17117198791482707
2023-12-18,2023-12-18T00:00:00.000+01:00,183153.816,0.25382176696444586
2023-12-19,2023-12-19T00:00:00.000+01:00,149871.126,0.19619500920013108
2023-12-20,2023-12-20T00:00:00.000+01:00,85124.331,0.10212937245899449
2023-12-21,2023-12-21T00:00:00.000+01:00,67518.281,0.08747529908092667
2023-12-22,2023-12-22T00:00:00.000+01:00,59567.209,0.08048431517705594
2023-12-23,2023-12-23T00:00:00.000+01:00,59787.766,0.08977263855155344
2023-12-24,2023-12-24T00:00:00.000+01:00,102656.869,0.17369874059563778
2023-12-25,2023-12-25T00:00:00.000+01:00,124080.298,0.21510383301281297
2023-12-26,2023-12-26T00:00:00.000+01:00,120194.219,0.1911192326804967
2023-12-27,2023-12-27T00:00:00.000+01:00,101583.079,0.1501268774557149
2023-12-28,2023-12-28T00:00:00.000+01:00,121666.801,0.18889577270901628
2023-12-29,2023-12-29T00:00:00.000+01:00,172884.589,0.2669974306580882
2023-12-30,2023-12-30T00:00:00.000+01:00,70052.148,0.11360422548444414
2023-12-31,2023-12-31T00:00:00.000+01:00,82156.78,0.12601210873207938
2024-01-01,2024-01-01T00:00:00.000+01:00,84443.792,0.1407405221714902
2024-01-02,2024-01-02T00:00:00.000+01:00,68112.492,0.09250027320601428
2024-01-03,2024-01-03T00:00:00.000+01:00,74598.543,0.10060053190508932
2024-01-04,2024-01-04T00:00:00.000+01:00,92808.246,0.1404534623536799
2024-01-05,2024-01-05T00:00:00.000+01:00,64429.348,0.08297607786542609
2024-01-06,2024-01-06T00:00:00.000+01:00,66677.794,0.08603988445245775
2024-01-07,2024-01-07T00:00:00.000+01:00,70239.099,0.0919041597311436
2024-01-08,2024-01-08T00:00:00.000+01:00,167276.806,0.19931364996009748
2024-01-09,2024-01-09T00:00:00.000+01:00,290995.381,0.3635724350931596
2024-01-10,2024-01-10T00:00:00.000+01:00,245348.483,0.3028499657773102
2024-01-11,2024-01-11T00:00:00.000+01:00,208633.311,0.24469773361466562
2024-01-12,2024-01-12T00:00:00.000+01:00,189498.479,0.23849225276365935
2024-01-13,2024-01-13T00:00:00.000+01:00,106247.516,0.14909820588467343
2024-01-14,2024-01-14T00:00:00.000+01:00,71625.895,0.09729870227281849
2024-01-15,2024-01-15T00:00:00.000+01:00,113264.471,0.14567855097210067
2024-01-16,2024-01-16T00:00:00.000+01:00,80090.346,0.10179378015465661
2024-01-17,2024-01-17T00:00:00.000+01:00,47941.347,0.05682126732165413
2024-01-18,2024-01-18T00:00:00.000+01:00,78018.242,0.09883501360252908
2024-01-19,2024-01-19T00:00:00.000+01:00,66694.765,0.08583209354349759
2024-01-20,2024-01-20T00:00:00.000+01:00,73337.956,0.10674679989275361
2024-01-21,2024-01-21T00:00:00.000+01:00,72337.353,0.10516487602860089
2024-01-22,2024-01-22T00:00:00.000+01:00,81689.605,0.1033895194616935
2024-01-23,2024-01-23T00:00:00.000+01:00,128915.607,0.16679792919809489
2024-01-24,2024-01-24T00:00:00.000+01:00,115542.773,0.1612832573372971
2024-01-25,2024-01-25T00:00:00.000+01:00,129657.871,0.17480334102368764
2024-01-26,2024-01-26T00:00:00.000+01:00,107242,0.1566080014746229
2024-01-27,2024-01-27T00:00:00.000+01:00,75586.691,0.11790885090829162
2024-01-28,2024-01-28T00:00:00.000+01:00,65375.303,0.09635132878699144
2024-01-29,2024-01-29T00:00:00.000+01:00,109358.389,0.15333196702854254
2024-01-30,2024-01-30T00:00:00.000+01:00,127695.316,0.1800334271880464
2024-01-31,2024-01-31T00:00:00.000+01:00,133786.436,0.18331764648423135
2024-02-01,2024-02-01T00:00:00.000+01:00,98868.034,0.12415395284774934
2024-02-02,2024-02-02T00:00:00.000+01:00,76368.936,0.09678674566172019
2024-02-03,2024-02-03T00:00:00.000+01:00,71286.766,0.11279266584480872
2024-02-04,2024-02-04T00:00:00.000+01:00,94378.987,0.1592236791588926
2024-02-05,2024-02-05T00:00:00.000+01:00,148905.411,0.22379475416444433
2024-02-06,2024-02-06T00:00:00.000+01:00,91283.973,0.13123091381691399
2024-02-07,2024-02-07T00:00:00.000+01:00,70192.012,0.08871027879525782
2024-02-08,2024-02-08T00:00:00.000+01:00,69297.113,0.08641400207374063
2024-02-09,2024-02-09T00:00:00.000+01:00,67085.124,0.08584365470265067
2024-02-10,2024-02-10T00:00:00.000+01:00,42464.651,0.052960401260481134
2024-02-11,2024-02-11T00:00:00.000+01:00,59068.426,0.08171133306242313
2024-02-12,2024-02-12T00:00:00.000+01:00,64115.61,0.07830231402295003
2024-02-13,2024-02-13T00:00:00.000+01:00,90696.245,0.12638468145992465
2024-02-14,2024-02-14T00:00:00.000+01:00,87024.224,0.12395719748362924
2024-02-15,2024-02-15T00:00:00.000+01:00,76588.527,0.10319688610564749
2024-02-16,2024-02-16T00:00:00.000+01:00,77167.308,0.09758205266447219
2024-02-17,2024-02-17T00:00:00.000+01:00,63944.866,0.08982117635964275
2024-02-18,2024-02-18T00:00:00.000+01:00,68764.964,0.10633311866036772
2024-02-19,2024-02-19T00:00:00.000+01:00,84306.526,0.10714205137027591
2024-02-20,2024-02-20T00:00:00.000+01:00,97294.904,0.12594249823982578
2024-02-21,2024-02-21T00:00:00.000+01:00,82575.775,0.11166767060020225
2024-02-22,2024-02-22T00:00:00.000+01:00,56573.558,0.07037559638773846
2024-02-23,2024-02-23T00:00:00.000+01:00,47173.428,0.057930624312267365
2024-02-24,2024-02-24T00:00:00.000+01:00,51850.024,0.06808754911260322
2024-02-25,2024-02-25T00:00:00.000+01:00,52783.318,0.07516922397543978
2024-02-26,2024-02-26T00:00:00.000+01:00,60716.078,0.0760654458758754
2024-02-27,2024-02-27T00:00:00.000+01:00,55206.224,0.06882374118664245
2024-02-28,2024-02-28T00:00:00.000+01:00,72785.213,0.09068758429950714
2024-02-29,2024-02-29T00:00:00.000+01:00,54210.958,0.06801833681227196
2024-03-01,2024-03-01T00:00:00.000+01:00,46490.987,0.056528103488710624
2024-03-02,2024-03-02T00:00:00.000+01:00,43834.135,0.060613446511714505
2024-03-03,2024-03-03T00:00:00.000+01:00,47471.251,0.06670920447966514
2024-03-04,2024-03-04T00:00:00.000+01:00,54328.074,0.07280867362189666
2024-03-05,2024-03-05T00:00:00.000+01:00,83290.149,0.11280989986487582
2024-03-06,2024-03-06T00:00:00.000+01:00,82825.987,0.11677802396564986
2024-03-07,2024-03-07T00:00:00.000+01:00,51472.596,0.06593025986011375
2024-03-08,2024-03-08T00:00:00.000+01:00,43275.448,0.05468021105880512
2024-03-09,2024-03-09T00:00:00.000+01:00,50097.483,0.07058683686356568
2024-03-10,2024-03-10T00:00:00.000+01:00,56875.945,0.0858299633742204
2024-03-11,2024-03-11T00:00:00.000+01:00,80360.586,0.10678587061495426
2024-03-12,2024-03-12T00:00:00.000+01:00,108220.396,0.15361258399676256
2024-03-13,2024-03-13T00:00:00.000+01:00,115327.007,0.16563928268800385
2024-03-14,2024-03-14T00:00:00.000+01:00,92019.797,0.12672733582090379
2024-03-15,2024-03-15T00:00:00.000+01:00,87967.075,0.12549767664290812
2024-03-16,2024-03-16T00:00:00.000+01:00,85027.071,0.12923629682365118
2024-03-17,2024-03-17T00:00:00.000+01:00,89297.23,0.13617649164731235
2024-03-18,2024-03-18T00:00:00.000+01:00,118895.998,0.18294813151415368
2024-03-19,2024-03-19T00:00:00.000+01:00,117663.565,0.17178594816496068
2024-03-20,2024-03-20T00:00:00.000+01:00,88205.839,0.12348929200520764
2024-03-21,2024-03-21T00:00:00.000+01:00,72910.269,0.10031104674718026
2024-03-22,2024-03-22T00:00:00.000+01:00,75902.284,0.1107164053080591
2024-03-23,2024-03-23T00:00:00.000+01:00,54477.255,0.07742041335792657
2024-03-24,2024-03-24T00:00:00.000+01:00,61382.242,0.09819212394995912
2024-03-25,2024-03-25T00:00:00.000+01:00,77467.538,0.11136855231027827
2024-03-26,2024-03-26T00:00:00.000+01:00,62441.65,0.08027215181079575
2024-03-27,2024-03-27T00:00:00.000+01:00,47294.383,0.06168417175959
2024-03-28,2024-03-28T00:00:00.000+01:00,44592.642,0.06110751383655116
2024-03-29,2024-03-29T00:00:00.000+01:00,59741.418,0.08907469456312928
2024-03-30,2024-03-30T00:00:00.000+01:00,67426.812,0.10165579320894651
2024-03-31,2024-03-31T00:00:00.000+01:00,57408.915,0.08852985395744602
2024-04-01,2024-04-01T00:00:00.000+02:00,58031.961,0.08101568389139836
2024-04-02,2024-04-02T00:00:00.000+02:00,68669.292,0.09674585392932138
2024-04-03,2024-04-03T00:00:00.000+02:00,65958.644,0.0900787708202407
2024-04-04,2024-04-04T00:00:00.000+02:00,68009.776,0.09595597657920367
2024-04-05,2024-04-05T00:00:00.000+02:00,53741.989,0.07348973771982842
2024-04-06,2024-04-06T00:00:00.000+02:00,47703.429,0.0742735566385263
2024-04-07,2024-04-07T00:00:00.000+02:00,62251.136,0.10824487957941258
2024-04-08,2024-04-08T00:00:00.000+02:00,64874.556,0.09233252788313055
2024-04-09,2024-04-09T00:00:00.000+02:00,66081.596,0.09430758682986513
2024-04-10,2024-04-10T00:00:00.000+02:00,81531.075,0.11389676269798744
2024-04-11,2024-04-11T00:00:00.000+02:00,76573.387,0.11005257316772556
2024-04-12,2024-04-12T00:00:00.000+02:00,83668.647,0.1272150262524243
2024-04-13,2024-04-13T00:00:00.000+02:00,74344.45,0.12471759003028407
2024-04-14,2024-04-14T00:00:00.000+02:00,66436.155,0.11568637623341954
2024-04-15,2024-04-15T00:00:00.000+02:00,72213.514,0.10501607570130415
2024-04-16,2024-04-16T00:00:00.000+02:00,74665.972,0.1011350511352019
2024-04-17,2024-04-17T00:00:00.000+02:00,68517.369,0.0919610025548813
2024-04-18,2024-04-18T00:00:00.000+02:00,61349.918,0.0816302580925349
2024-04-19,2024-04-19T00:00:00.000+02:00,64861.163,0.09336351516584444
2024-04-20,2024-04-20T00:00:00.000+02:00,52312.551,0.07667149904638845
2024-04-21,2024-04-21T00:00:00.000+02:00,57784.541,0.08671350609773212
2024-04-22,2024-04-22T00:00:00.000+02:00,57920.936,0.07694883488812086
2024-04-23,2024-04-23T00:00:00.000+02:00,56125.536,0.07415764739692864
2024-04-24,2024-04-24T00:00:00.000+02:00,63952.8,0.08305141286176124
2024-04-25,2024-04-25T00:00:00.000+02:00,77947.224,0.11048654530420675
2024-04-26,2024-04-26T00:00:00.000+02:00,89783.594,0.127586963174384
2024-04-27,2024-04-27T00:00:00.000+02:00,61719.877,0.09140126884791552
2024-04-28,2024-04-28T00:00:00.000+02:00,79388.818,0.1385237898242217
2024-04-29,2024-04-29T00:00:00.000+02:00,108610.554,0.161795633189865
2024-04-30,2024-04-30T00:00:00.000+02:00,73032.059,0.1058564873110646
2024-05-01,2024-05-01T00:00:00.000+02:00,51689.076,0.0788399081412168
2024-05-02,2024-05-02T00:00:00.000+02:00,60260.93,0.08215536332766632
2024-05-03,2024-05-03T00:00:00.000+02:00,58945.865,0.08241965309840076
2024-05-04,2024-05-04T00:00:00.000+02:00,51118.801,0.07233205687935836
2024-05-05,2024-05-05T00:00:00.000+02:00,60158.772,0.09569311157686032
2024-05-06,2024-05-06T00:00:00.000+02:00,84562.512,0.12074230581411259
2024-05-07,2024-05-07T00:00:00.000+02:00,79755.698,0.10577024336980913
2024-05-08,2024-05-08T00:00:00.000+02:00,64416.882,0.08728903928468315
2024-05-09,2024-05-09T00:00:00.000+02:00,64085.189,0.09695857616252299
2024-05-10,2024-05-10T00:00:00.000+02:00,65028.07,0.09523140220972964
2024-05-11,2024-05-11T00:00:00.000+02:00,55183.06,0.08983070788834051
2024-05-12,2024-05-12T00:00:00.000+02:00,58543.994,0.10863466154937682
2024-05-13,2024-05-13T00:00:00.000+02:00,58693.991,0.08618153267376177
2024-05-14,2024-05-14T00:00:00.000+02:00,47439.629,0.06650768625765843
2024-05-15,2024-05-15T00:00:00.000+02:00,54164.737,0.07729673897524274
2024-05-16,2024-05-16T00:00:00.000+02:00,70244.09,0.09982615925632875
2024-05-17,2024-05-17T00:00:00.000+02:00,85154.724,0.12618266009468557
2024-05-18,2024-05-18T00:00:00.000+02:00,63007.33,0.10302508547377076
2024-05-19,2024-05-19T00:00:00.000+02:00,67035.79,0.11946227742678871
2024-05-20,2024-05-20T00:00:00.000+02:00,65762.637,0.10470682938576392
2024-05-21,2024-05-21T00:00:00.000+02:00,63077.101,0.09448968602395073
2024-05-22,2024-05-22T00:00:00.000+02:00,56129.336,0.08342797211430521
2024-05-23,2024-05-23T00:00:00.000+02:00,67554.861,0.10097947044202919
2024-05-24,2024-05-24T00:00:00.000+02:00,72831.908,0.10806589713962672
2024-05-25,2024-05-25T00:00:00.000+02:00,63130.158,0.10004744722065442
2024-05-26,2024-05-26T00:00:00.000+02:00,63515.554,0.11186577438707601
2024-05-27,2024-05-27T00:00:00.000+02:00,67150.217,0.09753707565813502
2024-05-28,2024-05-28T00:00:00.000+02:00,63860.986,0.09514041978773374
2024-05-29,2024-05-29T00:00:00.000+02:00,81760.745,0.11624297941667525
2024-05-30,2024-05-30T00:00:00.000+02:00,71955.518,0.09654406066663537
2024-05-31,2024-05-31T00:00:00.000+02:00,62814.618,0.08128589727044853
2024-06-01,2024-06-01T00:00:00.000+02:00,47081.829,0.06552561880840098
2024-06-02,2024-06-02T00:00:00.000+02:00,46143.149,0.0681458944319431
2024-06-03,2024-06-03T00:00:00.000+02:00,74490.998,0.10458786355243799
2024-06-04,2024-06-04T00:00:00.000+02:00,92867.632,0.13638181949009276
2024-06-05,2024-06-05T00:00:00.000+02:00,114600.605,0.15891407871740987
2024-06-06,2024-06-06T00:00:00.000+02:00,99161.808,0.1304997911107032
2024-06-07,2024-06-07T00:00:00.000+02:00,89862.922,0.11879434256863085
2024-06-08,2024-06-08T00:00:00.000+02:00,76709.565,0.11359513920814514
2024-06-09,2024-06-09T00:00:00.000+02:00,58476.169,0.0866863168820837
2024-06-10,2024-06-10T00:00:00.000+02:00,64680.811,0.09187479996743232
2024-06-11,2024-06-11T00:00:00.000+02:00,72567.321,0.10062327654004831
2024-06-12,2024-06-12T00:00:00.000+02:00,65607.11,0.0904407515740541
2024-06-13,2024-06-13T00:00:00.000+02:00,64909.277,0.09459812803653117
2024-06-14,2024-06-14T00:00:00.000+02:00,51727.014,0.07149698273332646
2024-06-15,2024-06-15T00:00:00.000+02:00,44509.18,0.07037577820881351
2024-06-16,2024-06-16T00:00:00.000+02:00,45576.15,0.07611133416963228
2024-06-17,2024-06-17T00:00:00.000+02:00,60421.539,0.08128521862801828
2024-06-18,2024-06-18T00:00:00.000+02:00,71604.293,0.09981332806666525
2024-06-19,2024-06-19T00:00:00.000+02:00,84106.912,0.12013242921965106
2024-06-20,2024-06-20T00:00:00.000+02:00,75699.769,0.1011517719744654
2024-06-21,2024-06-21T00:00:00.000+02:00,73005.743,0.09912652248448733
2024-06-22,2024-06-22T00:00:00.000+02:00,53009.542,0.07776356543391945
2024-06-23,2024-06-23T00:00:00.000+02:00,55877.664,0.08267875473097093
2024-06-24,2024-06-24T00:00:00.000+02:00,58989.918,0.08167387295028372
2024-06-25,2024-06-25T00:00:00.000+02:00,75793.487,0.10295210985989488
2024-06-26,2024-06-26T00:00:00.000+02:00,92004.216,0.12293344042483209
2024-06-27,2024-06-27T00:00:00.000+02:00,97879.235,0.1312793020243959
2024-06-28,2024-06-28T00:00:00.000+02:00,80818.984,0.10713257882682138
2024-06-29,2024-06-29T00:00:00.000+02:00,65523.836,0.0982077714316403
2024-06-30,2024-06-30T00:00:00.000+02:00,66198.606,0.10658144235076034
2024-07-01,2024-07-01T00:00:00.000+02:00,66153.975,0.08620202707125946
2024-07-02,2024-07-02T00:00:00.000+02:00,69087.545,0.08638243446038461
2024-07-03,2024-07-03T00:00:00.000+02:00,74601.282,0.09507736178797783
2024-07-04,2024-07-04T00:00:00.000+02:00,72216.848,0.0938223142251096
2024-07-05,2024-07-05T00:00:00.000+02:00,78620.786,0.10031693275401134
2024-07-06,2024-07-06T00:00:00.000+02:00,53394.905,0.07971748955280623
2024-07-07,2024-07-07T00:00:00.000+02:00,61812.288,0.09861338346551556
2024-07-08,2024-07-08T00:00:00.000+02:00,75013.538,0.09985896760883896
2024-07-09,2024-07-09T00:00:00.000+02:00,84871.03,0.1091271653763032
2024-07-10,2024-07-10T00:00:00.000+02:00,114494.204,0.14862250018416492
2024-07-11,2024-07-11T00:00:00.000+02:00,114304.923,0.1383178671535814
2024-07-12,2024-07-12T00:00:00.000+02:00,87835.242,0.10628563155931706
2024-07-13,2024-07-13T00:00:00.000+02:00,70721.95,0.10007722190993998
2024-07-14,2024-07-14T00:00:00.000+02:00,75893.848,0.1153183534430403
2024-07-15,2024-07-15T00:00:00.000+02:00,88912.533,0.11141518449063917
2024-07-16,2024-07-16T00:00:00.000+02:00,94881.248,0.12314821535513731
2024-07-17,2024-07-17T00:00:00.000+02:00,124368.608,0.15672085108270606
2024-07-18,2024-07-18T00:00:00.000+02:00,178351.092,0.2289946596897752
2024-07-19,2024-07-19T00:00:00.000+02:00,177858.249,0.22045865557234479
2024-07-20,2024-07-20T00:00:00.000+02:00,84410.837,0.11137141173554486
2024-07-21,2024-07-21T00:00:00.000+02:00,78503.092,0.10613362742195206
2024-07-22,2024-07-22T00:00:00.000+02:00,79998.417,0.10345859980759967
2024-07-23,2024-07-23T00:00:00.000+02:00,114980.821,0.14180614913469114
2024-07-24,2024-07-24T00:00:00.000+02:00,149348.151,0.1756298677167212
2024-07-25,2024-07-25T00:00:00.000+02:00,115811.887,0.14222404537954061
2024-07-26,2024-07-26T00:00:00.000+02:00,126311.232,0.1624889868345493
2024-07-27,2024-07-27T00:00:00.000+02:00,104073.027,0.13981047039458544
2024-07-28,2024-07-28T00:00:00.000+02:00,82735.24,0.11500849340160023
2024-07-29,2024-07-29T00:00:00.000+02:00,188352.806,0.2386483966072055
2024-07-30,2024-07-30T00:00:00.000+02:00,166769.566,0.19709582301359335
2024-07-31,2024-07-31T00:00:00.000+02:00,198437.905,0.2372832366230515
2024-08-01,2024-08-01T00:00:00.000+02:00,182968.243,0.2149948042717129
2024-08-02,2024-08-02T00:00:00.000+02:00,118978.622,0.14227408414335307
2024-08-03,2024-08-03T00:00:00.000+02:00,93292.125,0.12526030546827194
2024-08-04,2024-08-04T00:00:00.000+02:00,99443.774,0.1425875459073716
2024-08-05,2024-08-05T00:00:00.000+02:00,134746.884,0.180000192360869
2024-08-06,2024-08-06T00:00:00.000+02:00,132190.797,0.16974709668789495
2024-08-07,2024-08-07T00:00:00.000+02:00,98126.551,0.12516672342651342
2024-08-08,2024-08-08T00:00:00.000+02:00,108152.502,0.14046484103240223
2024-08-09,2024-08-09T00:00:00.000+02:00,116067.751,0.15018963267498953
2024-08-10,2024-08-10T00:00:00.000+02:00,90074.824,0.12314957978300799
2024-08-11,2024-08-11T00:00:00.000+02:00,83636.857,0.11845388860122189
2024-08-12,2024-08-12T00:00:00.000+02:00,112649.963,0.15071658441005897
2024-08-13,2024-08-13T00:00:00.000+02:00,107636.321,0.15047421408157413
2024-08-14,2024-08-14T00:00:00.000+02:00,94837.056,0.12541790360233035
2024-08-15,2024-08-15T00:00:00.000+02:00,79489.067,0.11378659587500839
2024-08-16,2024-08-16T00:00:00.000+02:00,78043.347,0.11220783156515209
2024-08-17,2024-08-17T00:00:00.000+02:00,77488.008,0.11308875214655785
2024-08-18,2024-08-18T00:00:00.000+02:00,84908.062,0.12124791903384377
2024-08-19,2024-08-19T00:00:00.000+02:00,91355.122,0.12363163272690905
2024-08-20,2024-08-20T00:00:00.000+02:00,91114.815,0.1249842142209557
2024-08-21,2024-08-21T00:00:00.000+02:00,97302.173,0.12812251748003425
2024-08-22,2024-08-22T00:00:00.000+02:00,137783.631,0.18997446927891418
2024-08-23,2024-08-23T00:00:00.000+02:00,130281.859,0.17707866546978532
2024-08-24,2024-08-24T00:00:00.000+02:00,75879.982,0.10683552326426227
2024-08-25,2024-08-25T00:00:00.000+02:00,70356.117,0.10276228344424984
2024-08-26,2024-08-26T00:00:00.000+02:00,116408.775,0.15552372455282576
2024-08-27,2024-08-27T00:00:00.000+02:00,173688.06,0.22753248369352408
2024-08-28,2024-08-28T00:00:00.000+02:00,164554.864,0.20850792721552755
2024-08-29,2024-08-29T00:00:00.000+02:00,164205.457,0.2085218583323339
2024-08-30,2024-08-30T00:00:00.000+02:00,162933.969,0.207005854235273
2024-08-31,2024-08-31T00:00:00.000+02:00,140529.634,0.1975950431363701
2024-09-01,2024-09-01T00:00:00.000+02:00,137756.581,0.2128975764644271
2024-09-02,2024-09-02T00:00:00.000+02:00,148117.541,0.19968197677157742
2024-09-03,2024-09-03T00:00:00.000+02:00,125042.073,0.1609351172503128
2024-09-04,2024-09-04T00:00:00.000+02:00,106998.786,0.13672457067339636
2024-09-05,2024-09-05T00:00:00.000+02:00,109034.487,0.14996883546697573
2024-09-06,2024-09-06T00:00:00.000+02:00,102998.124,0.13496790798462632
2024-09-07,2024-09-07T00:00:00.000+02:00,97072.35,0.1455630991964153
2024-09-08,2024-09-08T00:00:00.000+02:00,97404.646,0.14773756437984858
2024-09-09,2024-09-09T00:00:00.000+02:00,101725.509,0.13517699713698744
2024-09-10,2024-09-10T00:00:00.000+02:00,100141.899,0.13147416503465673
2024-09-11,2024-09-11T00:00:00.000+02:00,83410.688,0.11240174664486047
2024-09-12,2024-09-12T00:00:00.000+02:00,92270.463,0.12049888434747368
2024-09-13,2024-09-13T00:00:00.000+02:00,64553.073,0.08271811720477243
2024-09-14,2024-09-14T00:00:00.000+02:00,55237.011,0.08281094673754545
2024-09-15,2024-09-15T00:00:00.000+02:00,65233.714,0.09858990443264791
2024-09-16,2024-09-16T00:00:00.000+02:00,75999.495,0.09784948173072501
2024-09-17,2024-09-17T00:00:00.000+02:00,67929.107,0.08945614493511408
2024-09-18,2024-09-18T00:00:00.000+02:00,101608.822,0.1389952445716027
2024-09-19,2024-09-19T00:00:00.000+02:00,160592.56,0.22461882056676102
2024-09-20,2024-09-20T00:00:00.000+02:00,160203.056,0.22519057724451014
2024-09-21,2024-09-21T00:00:00.000+02:00,109417.927,0.16741765741522763
2024-09-22,2024-09-22T00:00:00.000+02:00,93454.733,0.15501280481910845
2024-09-23,2024-09-23T00:00:00.000+02:00,98414.325,0.14523690156158695
2024-09-24,2024-09-24T00:00:00.000+02:00,100661.733,0.15285587338908144
2024-09-25,2024-09-25T00:00:00.000+02:00,64397.461,0.08901713922985552
2024-09-26,2024-09-26T00:00:00.000+02:00,61225.645,0.07725350802749305
2024-09-27,2024-09-27T00:00:00.000+02:00,59432.96,0.08108648314812035
2024-09-28,2024-09-28T00:00:00.000+02:00,67718.304,0.10772440213527455
2024-09-29,2024-09-29T00:00:00.000+02:00,68850.763,0.11050745799346293
2024-09-30,2024-09-30T00:00:00.000+02:00,113702.444,0.16811207564363903
2024-10-01,2024-10-01T00:00:00.000+02:00,108048.543,0.15103110859395105
2024-10-02,2024-10-02T00:00:00.000+02:00,114593.244,0.14812141980424523
2024-10-03,2024-10-03T00:00:00.000+02:00,105760.093,0.1338883738339168
2024-10-04,2024-10-04T00:00:00.000+02:00,119702.659,0.16127957927924
2024-10-05,2024-10-05T00:00:00.000+02:00,73646.939,0.11058382166403322
2024-10-06,2024-10-06T00:00:00.000+02:00,69524.171,0.10713382795445173
2024-10-07,2024-10-07T00:00:00.000+02:00,95665.944,0.1330436612542242
2024-10-08,2024-10-08T00:00:00.000+02:00,67508.272,0.09060176796073198
2024-10-09,2024-10-09T00:00:00.000+02:00,62250.506,0.0859027367883034
2024-10-10,2024-10-10T00:00:00.000+02:00,112876.714,0.15791938974903258
2024-10-11,2024-10-11T00:00:00.000+02:00,99544.439,0.15007946899288457
2024-10-12,2024-10-12T00:00:00.000+02:00,77570.766,0.1271549320961256
2024-10-13,2024-10-13T00:00:00.000+02:00,89471.85,0.1613835093503946
2024-10-14,2024-10-14T00:00:00.000+02:00,143024.673,0.21918809137013287
2024-10-15,2024-10-15T00:00:00.000+02:00,99230.711,0.1419631285869629
2024-10-16,2024-10-16T00:00:00.000+02:00,80366.443,0.11289519336986027
2024-10-17,2024-10-17T00:00:00.000+02:00,74853.232,0.10218788215090452
2024-10-18,2024-10-18T00:00:00.000+02:00,74650.771,0.09954990133839865
2024-10-19,2024-10-19T00:00:00.000+02:00,54721.095,0.08687535748446612
2024-10-20,2024-10-20T00:00:00.000+02:00,75401.364,0.12912093482249298
2024-10-21,2024-10-21T00:00:00.000+02:00,109208.558,0.16154062283404885
2024-10-22,2024-10-22T00:00:00.000+02:00,86609.491,0.1207822091493481
2024-10-23,2024-10-23T00:00:00.000+02:00,102745.54,0.1471664267203107
2024-10-24,2024-10-24T00:00:00.000+02:00,87106.465,0.12228141817987781
2024-10-25,2024-10-25T00:00:00.000+02:00,104587.221,0.15445007528714574
2024-10-26,2024-10-26T00:00:00.000+02:00,89505.562,0.1393960160319005
2024-10-27,2024-10-27T00:00:00.000+02:00,93744.783,0.1524927071611227
2024-10-28,2024-10-28T00:00:00.000+01:00,88582.641,0.12305610730270436
2024-10-29,2024-10-29T00:00:00.000+01:00,89207.781,0.12081301819100901
2024-10-30,2024-10-30T00:00:00.000+01:00,98085.792,0.13231908862698633
2024-10-31,2024-10-31T00:00:00.000+01:00,105588.876,0.16355437429870126
2024-11-01,2024-11-01T00:00:00.000+01:00,95703.323,0.16527713659556006
2024-11-02,2024-11-02T00:00:00.000+01:00,111364.885,0.1894505331754058
2024-11-03,2024-11-03T00:00:00.000+01:00,93957.651,0.1548527718510968
2024-11-04,2024-11-04T00:00:00.000+01:00,137155.462,0.20627299302404098
2024-11-05,2024-11-05T00:00:00.000+01:00,178681.867,0.2699306715663537
2024-11-06,2024-11-06T00:00:00.000+01:00,162468.316,0.24194363822906542
2024-11-07,2024-11-07T00:00:00.000+01:00,144537.961,0.2152214797557146
2024-11-08,2024-11-08T00:00:00.000+01:00,173593.648,0.2594947641913869
2024-11-09,2024-11-09T00:00:00.000+01:00,124420.222,0.18876435308585673
2024-11-10,2024-11-10T00:00:00.000+01:00,102019.098,0.15130750439191265
2024-11-11,2024-11-11T00:00:00.000+01:00,89984.108,0.12188103082843993
2024-11-12,2024-11-12T00:00:00.000+01:00,90342.849,0.11805460771538089
2024-11-13,2024-11-13T00:00:00.000+01:00,117468.304,0.16258052216947938
2024-11-14,2024-11-14T00:00:00.000+01:00,146272.002,0.20889181400388074
2024-11-15,2024-11-15T00:00:00.000+01:00,153101.908,0.22547087687738757
2024-11-16,2024-11-16T00:00:00.000+01:00,115024.866,0.19339963022653794
2024-11-17,2024-11-17T00:00:00.000+01:00,132675.961,0.23896346431161397
2024-11-18,2024-11-18T00:00:00.000+01:00,235060.391,0.34174094226596463
2024-11-19,2024-11-19T00:00:00.000+01:00,183068.496,0.25733078737144616
2024-11-20,2024-11-20T00:00:00.000+01:00,95173.701,0.11974240081895032
2024-11-21,2024-11-21T00:00:00.000+01:00,91548.942,0.10893912608339637
2024-11-22,2024-11-22T00:00:00.000+01:00,147171.419,0.19584163878000616
2024-11-23,2024-11-23T00:00:00.000+01:00,72983.616,0.11823693034473566
2024-11-24,2024-11-24T00:00:00.000+01:00,69237.534,0.1051953890714373
2024-11-25,2024-11-25T00:00:00.000+01:00,122973.888,0.1666286979696966
2024-11-26,2024-11-26T00:00:00.000+01:00,227517.786,0.3166377333663644
2024-11-27,2024-11-27T00:00:00.000+01:00,211149.62,0.29901209497250153
2024-11-28,2024-11-28T00:00:00.000+01:00,196800.669,0.2820706191407401
2024-11-29,2024-11-29T00:00:00.000+01:00,166420.095,0.23904171640553093
2024-11-30,2024-11-30T00:00:00.000+01:00,137577.528,0.22111833434695793
2024-12-01,2024-12-01T00:00:00.000+01:00,150246.166,0.2547569374097778
2024-12-02,2024-12-02T00:00:00.000+01:00,266110.249,0.3720505495189584
2024-12-03,2024-12-03T00:00:00.000+01:00,264346.556,0.3445639616210626
2024-12-04,2024-12-04T00:00:00.000+01:00,178761.777,0.2239111349579861
2024-12-05,2024-12-05T00:00:00.000+01:00,173926.759,0.22969141357508494
2024-12-06,2024-12-06T00:00:00.000+01:00,100956.275,0.14382350837904634
2024-12-07,2024-12-07T00:00:00.000+01:00,78990.821,0.11134396010901569
2024-12-08,2024-12-08T00:00:00.000+01:00,70394.404,0.09516225022555277
2024-12-09,2024-12-09T00:00:00.000+01:00,113292.884,0.13829984938810788
2024-12-10,2024-12-10T00:00:00.000+01:00,223330.742,0.2736784304223957
2024-12-11,2024-12-11T00:00:00.000+01:00,343387.272,0.420828760904509
2024-12-12,2024-12-12T00:00:00.000+01:00,319986.063,0.3976227562813954
2024-12-13,2024-12-13T00:00:00.000+01:00,334841.28,0.4225241280147161
2024-12-14,2024-12-14T00:00:00.000+01:00,210558.283,0.2945325148824971
2024-12-15,2024-12-15T00:00:00.000+01:00,122581.186,0.17525934890740966
2024-12-16,2024-12-16T00:00:00.000+01:00,180186.276,0.24536815848942187
2024-12-17,2024-12-17T00:00:00.000+01:00,216384.018,0.2821242064623375
2024-12-18,2024-12-18T00:00:00.000+01:00,155293.002,0.20880197814435883
2024-12-19,2024-12-19T00:00:00.000+01:00,95271.479,0.12212771736378202
2024-12-20,2024-12-20T00:00:00.000+01:00,112825.242,0.14893528777144616
2024-12-21,2024-12-21T00:00:00.000+01:00,83237.636,0.12499416306931335
2024-12-22,2024-12-22T00:00:00.000+01:00,69861.027,0.09794420354129238
2024-12-23,2024-12-23T00:00:00.000+01:00,76314.469,0.09629789525519938
2024-12-24,2024-12-24T00:00:00.000+01:00,63879.994,0.08943776044287391
2024-12-25,2024-12-25T00:00:00.000+01:00,102619.124,0.17062131806169825
2024-12-26,2024-12-26T00:00:00.000+01:00,148546.749,0.23441831283303347
2024-12-27,2024-12-27T00:00:00.000+01:00,166653.152,0.23818363875053908
2024-12-28,2024-12-28T00:00:00.000+01:00,158827.016,0.24248347708865037
2024-12-29,2024-12-29T00:00:00.000+01:00,182143.322,0.2844254184545921
2024-12-30,2024-12-30T00:00:00.000+01:00,214364.128,0.3095291364969049
2024-12-31,2024-12-31T00:00:00.000+01:00,203632.801,0.30975885193603675
2025-01-01,2025-01-01T00:00:00.000+01:00,135195.911,0.22090462155644686
2025-01-02,2025-01-02T00:00:00.000+01:00,142070.559,0.19377535292859596
2025-01-03,2025-01-03T00:00:00.000+01:00,84094.778,0.10661582729173695
2025-01-04,2025-01-04T00:00:00.000+01:00,81773.555,0.1114148785729603
2025-01-05,2025-01-05T00:00:00.000+01:00,59755.14,0.08427106075542691
2025-01-06,2025-01-06T00:00:00.000+01:00,65076.031,0.09240223181243669
2025-01-07,2025-01-07T00:00:00.000+01:00,74355.262,0.09272997604022003
2025-01-08,2025-01-08T00:00:00.000+01:00,73679.343,0.08866316107355918
2025-01-09,2025-01-09T00:00:00.000+01:00,74379.993,0.08811595749291497
2025-01-10,2025-01-10T00:00:00.000+01:00,86103.597,0.10529517680812052
2025-01-11,2025-01-11T00:00:00.000+01:00,63665.882,0.08115641112157507
2025-01-12,2025-01-12T00:00:00.000+01:00,76662.252,0.09934414806071909
2025-01-13,2025-01-13T00:00:00.000+01:00,111318.971,0.133617603371174
2025-01-14,2025-01-14T00:00:00.000+01:00,191621.947,0.2301172648349591
2025-01-15,2025-01-15T00:00:00.000+01:00,182442.377,0.2055871800488792
2025-01-16,2025-01-16T00:00:00.000+01:00,180820.809,0.2011638897650446
2025-01-17,2025-01-17T00:00:00.000+01:00,203547.897,0.2435370325837001
2025-01-18,2025-01-18T00:00:00.000+01:00,169385.703,0.22809135078251974
2025-01-19,2025-01-19T00:00:00.000+01:00,134150.56,0.1861522428335505
2025-01-20,2025-01-20T00:00:00.000+01:00,268569.178,0.32565179584674264
2025-01-21,2025-01-21T00:00:00.000+01:00,208572.715,0.2475926516127079
2025-01-22,2025-01-22T00:00:00.000+01:00,128419.283,0.15520005922627822
2025-01-23,2025-01-23T00:00:00.000+01:00,138098.718,0.1810932304313143
2025-01-24,2025-01-24T00:00:00.000+01:00,57777.898,0.07940219412020426
2025-01-25,2025-01-25T00:00:00.000+01:00,53591.705,0.07414036377915674
2025-01-26,2025-01-26T00:00:00.000+01:00,50026.84,0.07163024393066227
2025-01-27,2025-01-27T00:00:00.000+01:00,49406.054,0.062118654932754
2025-01-28,2025-01-28T00:00:00.000+01:00,42981.393,0.052431851667921164
2025-01-29,2025-01-29T00:00:00.000+01:00,73532.59,0.09129887936056674
2025-01-30,2025-01-30T00:00:00.000+01:00,65990.653,0.07915134672266928
2025-01-31,2025-01-31T00:00:00.000+01:00,96647.757,0.11578811340161647
2025-02-01,2025-02-01T00:00:00.000+01:00,83540.371,0.10948783369294979
2025-02-02,2025-02-02T00:00:00.000+01:00,83620.163,0.12004873716554877
2025-02-03,2025-02-03T00:00:00.000+01:00,142554.43,0.1790540992630156
2025-02-04,2025-02-04T00:00:00.000+01:00,181538.527,0.2180280872728909
2025-02-05,2025-02-05T00:00:00.000+01:00,126862.524,0.14989156306716347
2025-02-06,2025-02-06T00:00:00.000+01:00,169178.875,0.2040816231749366
2025-02-07,2025-02-07T00:00:00.000+01:00,101293.975,0.12128588714882434
2025-02-08,2025-02-08T00:00:00.000+01:00,86309.906,0.1097702381901791
2025-02-09,2025-02-09T00:00:00.000+01:00,86773.5,0.1179749064130798
2025-02-10,2025-02-10T00:00:00.000+01:00,138661.511,0.18112038503877642
2025-02-11,2025-02-11T00:00:00.000+01:00,112367.256,0.14095557420510815
2025-02-12,2025-02-12T00:00:00.000+01:00,116729.955,0.13906257769445474
2025-02-13,2025-02-13T00:00:00.000+01:00,115790.883,0.14060257120203987
2025-02-14,2025-02-14T00:00:00.000+01:00,115937.529,0.14513497846932916
2025-02-15,2025-02-15T00:00:00.000+01:00,77210.353,0.10747887773738879
2025-02-16,2025-02-16T00:00:00.000+01:00,86339.877,0.12514741459502618
2025-02-17,2025-02-17T00:00:00.000+01:00,136569.506,0.18205386175429455
2025-02-18,2025-02-18T00:00:00.000+01:00,93875.277,0.12245451198111568
2025-02-19,2025-02-19T00:00:00.000+01:00,123440.903,0.16975967779276763
2025-02-20,2025-02-20T00:00:00.000+01:00,98032.887,0.1309105640984947
2025-02-21,2025-02-21T00:00:00.000+01:00,70538.502,0.0896971800221379
2025-02-22,2025-02-22T00:00:00.000+01:00,78667.658,0.11351969072950506
2025-02-23,2025-02-23T00:00:00.000+01:00,74320.491,0.10772034309328753
2025-02-24,2025-02-24T00:00:00.000+01:00,80242.06,0.10443987514366868
2025-02-25,2025-02-25T00:00:00.000+01:00,89189.81,0.10735521812614254
2025-02-26,2025-02-26T00:00:00.000+01:00,119381.307,0.15000801744996592
2025-02-27,2025-02-27T00:00:00.000+01:00,147407.334,0.2066534739521658
2025-02-28,2025-02-28T00:00:00.000+01:00,103157.108,0.13486531412086905
2025-03-01,2025-03-01T00:00:00.000+01:00,52996.583,0.06888769767591976
2025-03-02,2025-03-02T00:00:00.000+01:00,72391.345,0.10032055181370363
2025-03-03,2025-03-03T00:00:00.000+01:00,98994.892,0.12434221193044874
2025-03-04,2025-03-04T00:00:00.000+01:00,77142.623,0.09677804585817928
2025-03-05,2025-03-05T00:00:00.000+01:00,80935.405,0.1016463758252397
2025-03-06,2025-03-06T00:00:00.000+01:00,78832.076,0.09808600839887513
2025-03-07,2025-03-07T00:00:00.000+01:00,54073.052,0.07089231767530606
2025-03-08,2025-03-08T00:00:00.000+01:00,46545.921,0.06236927316653073
2025-03-09,2025-03-09T00:00:00.000+01:00,76574.655,0.11221955777507407
2025-03-10,2025-03-10T00:00:00.000+01:00,100400.48,0.13659896003327962
2025-03-11,2025-03-11T00:00:00.000+01:00,104309.642,0.13024250432180665
2025-03-12,2025-03-12T00:00:00.000+01:00,106206.045,0.1305179591079835
2025-03-13,2025-03-13T00:00:00.000+01:00,118100.631,0.1470587605003799
2025-03-14,2025-03-14T00:00:00.000+01:00,97530.653,0.11679024178211889
2025-03-15,2025-03-15T00:00:00.000+01:00,81094.702,0.1061405905983365
2025-03-16,2025-03-16T00:00:00.000+01:00,86196.374,0.12480561377605094
2025-03-17,2025-03-17T00:00:00.000+01:00,116343.896,0.15378940918103418
2025-03-18,2025-03-18T00:00:00.000+01:00,97409.891,0.11832716090667193
2025-03-19,2025-03-19T00:00:00.000+01:00,61678.92,0.07841587396975337
2025-03-20,2025-03-20T00:00:00.000+01:00,58015.366,0.06981945356806189
2025-03-21,2025-03-21T00:00:00.000+01:00,58361.536,0.07231302869681264
2025-03-22,2025-03-22T00:00:00.000+01:00,56943.291,0.07964611101537221
2025-03-23,2025-03-23T00:00:00.000+01:00,69634.515,0.10213242804176921
2025-03-24,2025-03-24T00:00:00.000+01:00,93450.009,0.12025583614031171
2025-03-25,2025-03-25T00:00:00.000+01:00,91527.745,0.11400929485762189
2025-03-26,2025-03-26T00:00:00.000+01:00,84598.927,0.10609134772764967
2025-03-27,2025-03-27T00:00:00.000+01:00,83253.562,0.10536753520213224
2025-03-28,2025-03-28T00:00:00.000+01:00,75124.417,0.09481799882453545
2025-03-29,2025-03-29T00:00:00.000+01:00,65329.813,0.08633670386155816
2025-03-30,2025-03-30T00:00:00.000+01:00,58254.514,0.09133168718672385
2025-03-31,2025-03-31T00:00:00.000+02:00,86150.588,0.12386155028972425
2025-04-01,2025-04-01T00:00:00.000+02:00,78313.715,0.11876729232530527
2025-04-02,2025-04-02T00:00:00.000+02:00,72002.333,0.10127790770718416
2025-04-03,2025-04-03T00:00:00.000+02:00,65546.699,0.086637306565087
2025-04-04,2025-04-04T00:00:00.000+02:00,65719.714,0.087108585305777
2025-04-05,2025-04-05T00:00:00.000+02:00,62454.754,0.09590898361773051
2025-04-06,2025-04-06T00:00:00.000+02:00,69507.006,0.11562856392761252
2025-04-07,2025-04-07T00:00:00.000+02:00,92328.718,0.12764804997628384
2025-04-08,2025-04-08T00:00:00.000+02:00,81397.738,0.11434614009354661
2025-04-09,2025-04-09T00:00:00.000+02:00,80989.539,0.1126789380660163
2025-04-10,2025-04-10T00:00:00.000+02:00,68326.881,0.08980703481717037
2025-04-11,2025-04-11T00:00:00.000+02:00,72896.106,0.09742800921468003
2025-04-12,2025-04-12T00:00:00.000+02:00,88836.004,0.1402470744895095
2025-04-13,2025-04-13T00:00:00.000+02:00,83488.913,0.13935594807756443
2025-04-14,2025-04-14T00:00:00.000+02:00,78101.537,0.10931388010422807
2025-04-15,2025-04-15T00:00:00.000+02:00,68132.68,0.09188903457576474
2025-04-16,2025-04-16T00:00:00.000+02:00,69280.243,0.0912977166639753
2025-04-17,2025-04-17T00:00:00.000+02:00,79878.473,0.11561333669100876
2025-04-18,2025-04-18T00:00:00.000+02:00,90000.344,0.1448145790998931
2025-04-19,2025-04-19T00:00:00.000+02:00,87409.061,0.1331537003947191
2025-04-20,2025-04-20T00:00:00.000+02:00,89456.579,0.15365671975326312
2025-04-21,2025-04-21T00:00:00.000+02:00,90341.261,0.14420207488629738
2025-04-22,2025-04-22T00:00:00.000+02:00,101047.329,0.14462906017333524
2025-04-23,2025-04-23T00:00:00.000+02:00,86077.365,0.11546193269339784
2025-04-24,2025-04-24T00:00:00.000+02:00,84172.514,0.11537980282579521
2025-04-25,2025-04-25T00:00:00.000+02:00,84249.854,0.12281812726802015
2025-04-26,2025-04-26T00:00:00.000+02:00,61354.26,0.08929295421586554
2025-04-27,2025-04-27T00:00:00.000+02:00,84137.134,0.13642932467622645
2025-04-28,2025-04-28T00:00:00.000+02:00,73466.325,0.18456443922094506
2025-04-29,2025-04-29T00:00:00.000+02:00,215832.43,0.36032095492729255
2025-04-30,2025-04-30T00:00:00.000+02:00,116350.358,0.1763024912194205
2025-05-01,2025-05-01T00:00:00.000+02:00,114283.36,0.19708435853606426
2025-05-02,2025-05-02T00:00:00.000+02:00,135105.652,0.21331290456954363
2025-05-03,2025-05-03T00:00:00.000+02:00,119476.426,0.21355629530124476
2025-05-04,2025-05-04T00:00:00.000+02:00,114210.788,0.2076901960856696
2025-05-05,2025-05-05T00:00:00.000+02:00,115963.979,0.1688087383503167
2025-05-06,2025-05-06T00:00:00.000+02:00,108742.808,0.15724858943169212
2025-05-07,2025-05-07T00:00:00.000+02:00,99707.126,0.14365078709091028
2025-05-08,2025-05-08T00:00:00.000+02:00,108306.192,0.16538874768794062
2025-05-09,2025-05-09T00:00:00.000+02:00,98481.992,0.1483958233441983
2025-05-10,2025-05-10T00:00:00.000+02:00,96075.032,0.1549294503201689
2025-05-11,2025-05-11T00:00:00.000+02:00,105232.041,0.17218674986169366
2025-05-12,2025-05-12T00:00:00.000+02:00,106038.142,0.15012434928257698
2025-05-13,2025-05-13T00:00:00.000+02:00,110209.981,0.16522846365942415
2025-05-14,2025-05-14T00:00:00.000+02:00,101769.217,0.1529281845508193
2025-05-15,2025-05-15T00:00:00.000+02:00,87907.16,0.1264633094738324
2025-05-16,2025-05-16T00:00:00.000+02:00,91256.086,0.12402622951135163
2025-05-17,2025-05-17T00:00:00.000+02:00,102797.141,0.16118585694633306
2025-05-18,2025-05-18T00:00:00.000+02:00,100400.829,0.16116537689680974
2025-05-19,2025-05-19T00:00:00.000+02:00,113507.961,0.1578422053122887
2025-05-20,2025-05-20T00:00:00.000+02:00,102965.431,0.142801534388679
2025-05-21,2025-05-21T00:00:00.000+02:00,98811.879,0.13800232950653163
2025-05-22,2025-05-22T00:00:00.000+02:00,94285.164,0.12518384274516012
2025-05-23,2025-05-23T00:00:00.000+02:00,89229.385,0.11951125125086873
2025-05-24,2025-05-24T00:00:00.000+02:00,93634.34,0.14645086362386625
2025-05-25,2025-05-25T00:00:00.000+02:00,104950.624,0.1809661544315769
2025-05-26,2025-05-26T00:00:00.000+02:00,108381.93,0.15163252011995357
2025-05-27,2025-05-27T00:00:00.000+02:00,103697.803,0.14704059015998272
2025-05-28,2025-05-28T00:00:00.000+02:00,105673.85,0.14963022461084172
2025-05-29,2025-05-29T00:00:00.000+02:00,113618.04,0.15848448589290848
2025-05-30,2025-05-30T00:00:00.000+02:00,117633.275,0.16236917440059406
2025-05-31,2025-05-31T00:00:00.000+02:00,102639.639,0.1531138748007459
2025-06-01,2025-06-01T00:00:00.000+02:00,104716.588,0.1599712389471751
2025-06-02,2025-06-02T00:00:00.000+02:00,113727.961,0.1496301725241428
2025-06-03,2025-06-03T00:00:00.000+02:00,132158.595,0.1920500741597126
2025-06-04,2025-06-04T00:00:00.000+02:00,131394.34,0.18402459552928813
2025-06-05,2025-06-05T00:00:00.000+02:00,147694.87,0.20261571959203176
2025-06-06,2025-06-06T00:00:00.000+02:00,152423.921,0.2054568033748419
2025-06-07,2025-06-07T00:00:00.000+02:00,130348.14,0.19208515408023613
2025-06-08,2025-06-08T00:00:00.000+02:00,124243.083,0.1896326397283102
2025-06-09,2025-06-09T00:00:00.000+02:00,146798.431,0.2006707716416876
2025-06-10,2025-06-10T00:00:00.000+02:00,159107.788,0.21415045039153682
2025-06-11,2025-06-11T00:00:00.000+02:00,169343.857,0.21429054844875375
2025-06-12,2025-06-12T00:00:00.000+02:00,158098.558,0.20463399155964973
2025-06-13,2025-06-13T00:00:00.000+02:00,170216.122,0.21375866689674233
2025-06-14,2025-06-14T00:00:00.000+02:00,141145.155,0.19733003397189142
2025-06-15,2025-06-15T00:00:00.000+02:00,103595.516,0.14280718378024168
2025-06-16,2025-06-16T00:00:00.000+02:00,135820.521,0.16960366211238
2025-06-17,2025-06-17T00:00:00.000+02:00,173266.817,0.21086163911578992
2025-06-18,2025-06-18T00:00:00.000+02:00,206355.191,0.25203974998876905
2025-06-19,2025-06-19T00:00:00.000+02:00,202220.573,0.25031274955774346
2025-06-20,2025-06-20T00:00:00.000+02:00,181280.979,0.22048162237830454
2025-06-21,2025-06-21T00:00:00.000+02:00,143125.719,0.18723219300136318
2025-06-22,2025-06-22T00:00:00.000+02:00,118555.046,0.1638346662640499
2025-06-23,2025-06-23T00:00:00.000+02:00,129211.85,0.16490762149231378
2025-06-24,2025-06-24T00:00:00.000+02:00,131807.043,0.1656222028518823
2025-06-25,2025-06-25T00:00:00.000+02:00,148027.424,0.1718875221681632
2025-06-26,2025-06-26T00:00:00.000+02:00,145372.856,0.1701541310393922
2025-06-27,2025-06-27T00:00:00.000+02:00,185603.776,0.2149220928185053
2025-06-28,2025-06-28T00:00:00.000+02:00,155876.891,0.19342233316446597
2025-06-29,2025-06-29T00:00:00.000+02:00,165089.194,0.21182169065061301
2025-06-30,2025-06-30T00:00:00.000+02:00,232059.568,0.2632031266539013
2025-07-01,2025-07-01T00:00:00.000+02:00,257554.359,0.2848232324539547
2025-07-02,2025-07-02T00:00:00.000+02:00,219765.479,0.23817594224910613
2025-07-03,2025-07-03T00:00:00.000+02:00,176274.41,0.19179236663303625
2025-07-04,2025-07-04T00:00:00.000+02:00,189983.001,0.2136336214750471
2025-07-05,2025-07-05T00:00:00.000+02:00,131622.058,0.1611237228801918
2025-07-06,2025-07-06T00:00:00.000+02:00,123696.807,0.16382016897597967
2025-07-07,2025-07-07T00:00:00.000+02:00,137764.738,0.15751733727334186
2025-07-08,2025-07-08T00:00:00.000+02:00,117391.029,0.1361648667574372
2025-07-09,2025-07-09T00:00:00.000+02:00,168353.291,0.20233762999037197
2025-07-10,2025-07-10T00:00:00.000+02:00,191304.621,0.2300664179210479
2025-07-11,2025-07-11T00:00:00.000+02:00,160277.108,0.1956304921470303
2025-07-12,2025-07-12T00:00:00.000+02:00,138683.039,0.1933109654810397
2025-07-13,2025-07-13T00:00:00.000+02:00,112373.506,0.16581179461129364
2025-07-14,2025-07-14T00:00:00.000+02:00,115202.282,0.14834729157116838
2025-07-15,2025-07-15T00:00:00.000+02:00,130634.863,0.15797675380301968
2025-07-16,2025-07-16T00:00:00.000+02:00,169881.25,0.20225742966210916
2025-07-17,2025-07-17T00:00:00.000+02:00,189268.122,0.2220817133994203
2025-07-18,2025-07-18T00:00:00.000+02:00,150433.357,0.17641450261516498
2025-07-19,2025-07-19T00:00:00.000+02:00,91102.73,0.12032520188187414
2025-07-20,2025-07-20T00:00:00.000+02:00,81069.386,0.11270842259279142
2025-07-21,2025-07-21T00:00:00.000+02:00,108081.861,0.13833566494073327
2025-07-22,2025-07-22T00:00:00.000+02:00,128596.914,0.16556255784537
2025-07-23,2025-07-23T00:00:00.000+02:00,147875.744,0.18336715718573873
2025-07-24,2025-07-24T00:00:00.000+02:00,108785.65,0.13081853364292387
2025-07-25,2025-07-25T00:00:00.000+02:00,89381.254,0.11429975926120405
2025-07-26,2025-07-26T00:00:00.000+02:00,83465.533,0.11134529247376063
2025-07-27,2025-07-27T00:00:00.000+02:00,92037.847,0.12988763492878808
2025-07-28,2025-07-28T00:00:00.000+02:00,100083.07,0.12219732807499162
2025-07-29,2025-07-29T00:00:00.000+02:00,100440.837,0.12378653754929679
2025-07-30,2025-07-30T00:00:00.000+02:00,110048.038,0.1352910533406443
2025-07-31,2025-07-31T00:00:00.000+02:00,108060.646,0.1323973814963621
2025-08-01,2025-08-01T00:00:00.000+02:00,109894.161,0.13576365368175014
2025-08-02,2025-08-02T00:00:00.000+02:00,97881.962,0.12439737270593089
2025-08-03,2025-08-03T00:00:00.000+02:00,91233.113,0.12674156916078944
2025-08-04,2025-08-04T00:00:00.000+02:00,123505.313,0.16362071436465198
2025-08-05,2025-08-05T00:00:00.000+02:00,109062.199,0.13780204511674593
2025-08-06,2025-08-06T00:00:00.000+02:00,153991.117,0.19225694737519683
2025-08-07,2025-08-07T00:00:00.000+02:00,148849.205,0.1889449888759805
2025-08-08,2025-08-08T00:00:00.000+02:00,132176.853,0.17023256880347215
2025-08-09,2025-08-09T00:00:00.000+02:00,122829.46,0.16450888865737273
2025-08-10,2025-08-10T00:00:00.000+02:00,114873.873,0.16305108151299832
2025-08-11,2025-08-11T00:00:00.000+02:00,157423.063,0.19945275976268495
2025-08-12,2025-08-12T00:00:00.000+02:00,182277.014,0.22219891324861246
2025-08-13,2025-08-13T00:00:00.000+02:00,177923.88,0.22233246132974682
2025-08-14,2025-08-14T00:00:00.000+02:00,169790.445,0.21184439904353233
2025-08-15,2025-08-15T00:00:00.000+02:00,132669.01,0.17877346845939712
2025-08-16,2025-08-16T00:00:00.000+02:00,172769.782,0.23601528765716712
2025-08-17,2025-08-17T00:00:00.000+02:00,171839.788,0.2457167681577741
2025-08-18,2025-08-18T00:00:00.000+02:00,181683.393,0.23790185559785496
2025-08-19,2025-08-19T00:00:00.000+02:00,143011.103,0.18211157412687867
2025-08-20,2025-08-20T00:00:00.000+02:00,125199.677,0.16159536718207082
2025-08-21,2025-08-21T00:00:00.000+02:00,120444.501,0.15611670830293
2025-08-22,2025-08-22T00:00:00.000+02:00,118690.46,0.15397302100864024
2025-08-23,2025-08-23T00:00:00.000+02:00,118001.544,0.1677285097489045
2025-08-24,2025-08-24T00:00:00.000+02:00,124190.437,0.19449918522449627
2025-08-25,2025-08-25T00:00:00.000+02:00,155325.432,0.20975569207708586
2025-08-26,2025-08-26T00:00:00.000+02:00,175393.573,0.22973241919637521
2025-08-27,2025-08-27T00:00:00.000+02:00,175803.909,0.2241531518698533
2025-08-28,2025-08-28T00:00:00.000+02:00,114139.057,0.1448690301753019
2025-08-29,2025-08-29T00:00:00.000+02:00,94311.936,0.12648248144828023
2025-08-30,2025-08-30T00:00:00.000+02:00,92607.045,0.13484526623518153
2025-08-31,2025-08-31T00:00:00.000+02:00,89658.074,0.13510820463267018
2025-09-01,2025-09-01T00:00:00.000+02:00,104285.521,0.13531382397876893
2025-09-02,2025-09-02T00:00:00.000+02:00,101247.843,0.13990385146512402
2025-09-03,2025-09-03T00:00:00.000+02:00,99157.263,0.13520152999452448
2025-09-04,2025-09-04T00:00:00.000+02:00,124306.48,0.16521662016798908
2025-09-05,2025-09-05T00:00:00.000+02:00,106165.225,0.13707947089463543
2025-09-06,2025-09-06T00:00:00.000+02:00,78342.355,0.10797934317194512
2025-09-07,2025-09-07T00:00:00.000+02:00,104743.1,0.15836361337991653
2025-09-08,2025-09-08T00:00:00.000+02:00,133756.325,0.1761977262484008
2025-09-09,2025-09-09T00:00:00.000+02:00,112164.077,0.15008615101598902
2025-09-10,2025-09-10T00:00:00.000+02:00,99839.662,0.13141688207095048
2025-09-11,2025-09-11T00:00:00.000+02:00,98762.212,0.1345602240509983
2025-09-12,2025-09-12T00:00:00.000+02:00,121906.927,0.16942877179147842
2025-09-13,2025-09-13T00:00:00.000+02:00,113400.389,0.16912256293955122
2025-09-14,2025-09-14T00:00:00.000+02:00,104752.969,0.158076188867355
2025-09-15,2025-09-15T00:00:00.000+02:00,132952.69,0.1773727740872647
2025-09-16,2025-09-16T00:00:00.000+02:00,166545.033,0.21319464623565001
2025-09-17,2025-09-17T00:00:00.000+02:00,201804.62,0.2570164417167964
2025-09-18,2025-09-18T00:00:00.000+02:00,204794.066,0.257877454588838
2025-09-19,2025-09-19T00:00:00.000+02:00,179084.891,0.2253993223255152
2025-09-20,2025-09-20T00:00:00.000+02:00,114594.347,0.16182806583354903
2025-09-21,2025-09-21T00:00:00.000+02:00,104189.315,0.15985416239654762
2025-09-22,2025-09-22T00:00:00.000+02:00,103595.724,0.14525385711388974
2025-09-23,2025-09-23T00:00:00.000+02:00,110273.275,0.15118740966633754
2025-09-24,2025-09-24T00:00:00.000+02:00,114769.95,0.15839499606845006
2025-09-25,2025-09-25T00:00:00.000+02:00,140733.821,0.1916268363928814
2025-09-26,2025-09-26T00:00:00.000+02:00,175237.31,0.24258593958589053
2025-09-27,2025-09-27T00:00:00.000+02:00,126178.191,0.1948652393730703
2025-09-28,2025-09-28T00:00:00.000+02:00,94188.515,0.1532312410853628
2025-09-29,2025-09-29T00:00:00.000+02:00,120690.786,0.17178826263350327
2025-09-30,2025-09-30T00:00:00.000+02:00,141548.792,0.19417103589519885
2025-10-01,2025-10-01T00:00:00.000+02:00,157505.311,0.21651568396144016
2025-10-02,2025-10-02T00:00:00.000+02:00,180624.863,0.24919324445065855
2025-10-03,2025-10-03T00:00:00.000+02:00,193072.741,0.2654972689399978
2025-10-04,2025-10-04T00:00:00.000+02:00,111012.2,0.16615612102903082
2025-10-05,2025-10-05T00:00:00.000+02:00,101629.548,0.15075243235117677
2025-10-06,2025-10-06T00:00:00.000+02:00,158543.212,0.2229937748035375
2025-10-07,2025-10-07T00:00:00.000+02:00,206592.367,0.28600896038819623
2025-10-08,2025-10-08T00:00:00.000+02:00,179949.528,0.24627737462314434
2025-10-09,2025-10-09T00:00:00.000+02:00,133616.304,0.17115803675020463
2025-10-10,2025-10-10T00:00:00.000+02:00,123015.879,0.16541000512879628
2025-10-11,2025-10-11T00:00:00.000+02:00,132074.463,0.2024693884815536
2025-10-12,2025-10-12T00:00:00.000+02:00,146353.27,0.22990235458515568
2025-10-13,2025-10-13T00:00:00.000+02:00,219680.21,0.3258010529331822
2025-10-14,2025-10-14T00:00:00.000+02:00,253097.986,0.34978665504645234
2025-10-15,2025-10-15T00:00:00.000+02:00,252494.705,0.3508212618693796
2025-10-16,2025-10-16T00:00:00.000+02:00,255566.961,0.3538424966388925
2025-10-17,2025-10-17T00:00:00.000+02:00,256475.094,0.34657064288946227
2025-10-18,2025-10-18T00:00:00.000+02:00,181117.809,0.2701684907409735
2025-10-19,2025-10-19T00:00:00.000+02:00,111335.936,0.17290533727693647
2025-10-20,2025-10-20T00:00:00.000+02:00,120837.018,0.16102703466367158
2025-10-21,2025-10-21T00:00:00.000+02:00,124973.673,0.16211593739651256
2025-10-22,2025-10-22T00:00:00.000+02:00,104122.914,0.13180023753024175
2025-10-23,2025-10-23T00:00:00.000+02:00,115657.151,0.14774816483949085
2025-10-24,2025-10-24T00:00:00.000+02:00,156520.793,0.22945536660985355
2025-10-25,2025-10-25T00:00:00.000+02:00,157093.251,0.2486409294078724
2025-10-26,2025-10-26T00:00:00.000+02:00,142644.519,0.21900443412815704
2025-10-27,2025-10-27T00:00:00.000+01:00,174697.62,0.25745120658428566
2025-10-28,2025-10-28T00:00:00.000+01:00,211922.758,0.3064417522795607
2025-10-29,2025-10-29T00:00:00.000+01:00,240411.794,0.32581019389214194
2025-10-30,2025-10-30T00:00:00.000+01:00,184349.157,0.25640537171696226
2025-10-31,2025-10-31T00:00:00.000+01:00,108993.415,0.15694337976486636
2025-11-01,2025-11-01T00:00:00.000+01:00,125666.842,0.1954787343798541
2025-11-02,2025-11-02T00:00:00.000+01:00,127002.133,0.2001772061810329
2025-11-03,2025-11-03T00:00:00.000+01:00,147784.26,0.22274140866703893
2025-11-04,2025-11-04T00:00:00.000+01:00,113695.462,0.16315118675234677
2025-11-05,2025-11-05T00:00:00.000+01:00,106335.841,0.14329176000186566
2025-11-06,2025-11-06T00:00:00.000+01:00,104266.103,0.1319326231668892
2025-11-07,2025-11-07T00:00:00.000+01:00,130074.053,0.17788146505250474
2025-11-08,2025-11-08T00:00:00.000+01:00,121833.955,0.16807888840185808
2025-11-09,2025-11-09T00:00:00.000+01:00,132835.167,0.2086938599611491
2025-11-10,2025-11-10T00:00:00.000+01:00,161934.121,0.23184552958302018
2025-11-11,2025-11-11T00:00:00.000+01:00,147736.878,0.20470929113078382
2025-11-12,2025-11-12T00:00:00.000+01:00,107632.19,0.1403654100897351
2025-11-13,2025-11-13T00:00:00.000+01:00,124082.313,0.16353498354154133
2025-11-14,2025-11-14T00:00:00.000+01:00,121355.987,0.16037739767562198
2025-11-15,2025-11-15T00:00:00.000+01:00,94785.489,0.13871908683928827
2025-11-16,2025-11-16T00:00:00.000+01:00,106804.068,0.16786400538419316
2025-11-17,2025-11-17T00:00:00.000+01:00,157317.294,0.22848304251370477
2025-11-18,2025-11-18T00:00:00.000+01:00,168703.042,0.2175668350202526
2025-11-19,2025-11-19T00:00:00.000+01:00,190375.422,0.2519586053899561
2025-11-20,2025-11-20T00:00:00.000+01:00,167424.007,0.20061932394403764
2025-11-21,2025-11-21T00:00:00.000+01:00,170430.312,0.19552874253314154
2025-11-22,2025-11-22T00:00:00.000+01:00,132323.156,0.1616262519859068
2025-11-23,2025-11-23T00:00:00.000+01:00,111073.102,0.13966036719141647
2025-11-24,2025-11-24T00:00:00.000+01:00,129931.891,0.149538037539327
2025-11-25,2025-11-25T00:00:00.000+01:00,139037.162,0.15700595679479168
2025-11-26,2025-11-26T00:00:00.000+01:00,163583.737,0.1852661122686222
2025-11-27,2025-11-27T00:00:00.000+01:00,182349.537,0.2076855852435941
2025-11-28,2025-11-28T00:00:00.000+01:00,198986.668,0.2510209570712247
2025-11-29,2025-11-29T00:00:00.000+01:00,147226.463,0.2148489799316235
2025-11-30,2025-11-30T00:00:00.000+01:00,133737.107,0.18460389711646283
2025-12-01,2025-12-01T00:00:00.000+01:00,174007.248,0.22654817324559265
2025-12-02,2025-12-02T00:00:00.000+01:00,188013.206,0.23641348542397717
2025-12-03,2025-12-03T00:00:00.000+01:00,160177.381,0.18269169805274027
2025-12-04,2025-12-04T00:00:00.000+01:00,152272.818,0.169881783076007
2025-12-05,2025-12-05T00:00:00.000+01:00,136433.434,0.16013203674413218
2025-12-06,2025-12-06T00:00:00.000+01:00,104192.654,0.136998593351263
2025-12-07,2025-12-07T00:00:00.000+01:00,109384.298,0.15913049984053823
2025-12-08,2025-12-08T00:00:00.000+01:00,109088.089,0.16877545407101446
2025-12-09,2025-12-09T00:00:00.000+01:00,141197.34,0.18810880606959363
2025-12-10,2025-12-10T00:00:00.000+01:00,249512.841,0.33699243943225143
2025-12-11,2025-12-11T00:00:00.000+01:00,170898.097,0.22416867436391416
